l_russian:
 STATE_1: "Клайпеда"
 STATE_2: "Тельшяй"
 STATE_3: "Шяуляй"
 STATE_4: "Паневежис"
 STATE_5: "Утена"
 STATE_6: "Даугавпилс"
 STATE_7: "Краслава"
 STATE_8: "Витебск"
 STATE_9: "Туричино"
 STATE_10: "Псков"
 STATE_11: "Тверь"
 STATE_12: "Смоленск"
 STATE_13: "Московская область"
 STATE_14: "Москва"
 STATE_15: "Владимир"
 STATE_16: "Нижний Новгород"
 STATE_17: "Чувашия"
 STATE_18: "Казань"
 STATE_19: "Буинск"
 STATE_20: "Таурагский"
 STATE_21: "Каунас"
 STATE_22: "Вильнюс"
 STATE_23: "Рязань"
 STATE_24: "Калуга"
 STATE_25: "Калининград"
 STATE_26: "Мордовия"
 STATE_27: "Мариямполе"
 STATE_28: "Болгар"
 STATE_29: "Минск"
 STATE_30: "Гродно"
 STATE_31: "Димитровград"
 STATE_32: "Поморское"
 STATE_33: "Тула"
 STATE_34: "Ульяновск"
 STATE_35: "Алитус"
 STATE_36: "Могилев"
 STATE_37: "Варминско-Мазурское"
 STATE_38: "Подляшское"
 STATE_39: "Брянск"
 STATE_40: "Каменка"
 STATE_41: "Чувашский Сускан"
 STATE_42: "Тольятти"
 STATE_43: "Тамбов"
 STATE_44: "Сызрань"
 STATE_45: "Куявско-Поморское"
 STATE_46: "Орёл"
 STATE_47: "Липецк"
 STATE_48: "Мазовецкое"
 STATE_49: "Брест"
 STATE_50: "Гомель"
 STATE_51: "Безенчук"
 STATE_52: "Саратов"
 STATE_53: "Великопольское"
 STATE_54: "Курск"
 STATE_55: "Лодзинское"
 STATE_56: "Новгород-Северский"
 STATE_57: "Шосткинский район"
 STATE_58: "Люблинское"
 STATE_59: "Чернигов"
 STATE_60: "Корюковка"
 STATE_61: "Воронеж"
 STATE_62: "Камень-Каширский"
 STATE_63: "Вараш"
 STATE_64: "Ковель"
 STATE_65: "Сарны"
 STATE_66: "Конотопский район"
 STATE_67: "Коростень"
 STATE_68: "Зона отчуждения ЧАЭС"
 STATE_69: "Нежин"
 STATE_70: "Белгород"
 STATE_71: "Свентокшиское"
 STATE_72: "Сумы"
 STATE_73: "Вышгород"
 STATE_74: "Волгоград"
 STATE_75: "Луцк"
 STATE_76: "Ровно"
 STATE_77: "Опольское"
 STATE_78: "Силезское"
 STATE_79: "Владимир"
 STATE_80: "Прилуки"
 STATE_81: "Звягель"
 STATE_82: "Ромны"
 STATE_83: "Левый берег Вышгородского района"
 STATE_84: "Оренбург"
 STATE_85: "Подкарпатское"
 STATE_86: "Буча"
 STATE_87: "Бровары"
 STATE_88: "Житомир"
 STATE_89: "Ахтырский район"
 STATE_90: "Дубно"
 STATE_91: "Казталовка"
 STATE_92: "Червоноград"
 STATE_93: "Шепетовка"
 STATE_94: "Киев"
 STATE_95: "Левый берег Киева"
 STATE_96: "Миргород"
 STATE_97: "Малопольское"
 STATE_98: "Борисполь"
 STATE_99: "Джанибек"
 STATE_100: "Чугуев"
 STATE_101: "Богодухов"
 STATE_102: "Лубны"
 STATE_103: "Харьков"
 STATE_104: "Фастов"
 STATE_105: "Полтава"
 STATE_106: "Обухов"
 STATE_107: "Купянск"
 STATE_108: "Львов"
 STATE_109: "Золочев"
 STATE_110: "Кременец"
 STATE_111: "Золотоноша"
 STATE_112: "Яворов"
 STATE_113: "Шахты"
 STATE_114: "Бердичев"
 STATE_115: "Белая Церковь"
 STATE_116: "Сватово"
 STATE_117: "ПЗ Воронеж - Луганск (2)"
 STATE_117_LPR_recognized: "ПЗ Воронеж - ЛНР"
 STATE_118: "Черкассы"
 STATE_119: "Хмельницкий"
 STATE_120: "ПЗ Белгород - Харьков (5)"
 STATE_121: "Тернополь"
 STATE_122: "ПЗ Белгород - Луганск (2)"
 STATE_123: "Лепляво"
 STATE_124: "Хмельник"
 STATE_125: "Старобельск"
 STATE_126: "ПЗ Ростов - Луганск (1)"
 STATE_126_LPR_recognized: "ПЗ Ростов - ЛНР (1)"
 STATE_127: "Моравскосилезский"
 STATE_128: "Кременчуг"
 STATE_129: "Самбор"
 STATE_130: "Красноград"
 STATE_131: "Винница"
 STATE_132: "Стрый"
 STATE_133: "Изюм"
 STATE_134: "Жилинский"
 STATE_135: "Ивано-Франковск"
 STATE_136: "Злинский"
 STATE_137: "Дрогобыч"
 STATE_138: "Лозовая"
 STATE_139: "Боровая"
 STATE_140: "Звенигородка"
 STATE_141: "Прешовский"
 STATE_142: "Чортков"
 STATE_143: "Умань"
 STATE_144: "Тренчинский"
 STATE_145: "Северодонецк"
 STATE_146: "Бокейорда"
 STATE_147: "Жмеринка"
 STATE_148: "Жангала"
 STATE_149: "Краматорcк"
 STATE_150: "Калуш"
 STATE_151: "Новомосковск"
 STATE_152: "ПЗ Ростов - Донецк (4)"
 STATE_152_DPR_recognized: "ПЗ Ростов - ДНР (4)"
 STATE_153: "Каменец-Подольский"
 STATE_154: "Счастье"
 STATE_155: "Гайсин"
 STATE_156: "Левый берег Днепра"
 STATE_157: "Ужгород"
 STATE_158: "Александрия"
 STATE_159: "Кропивницкий"
 STATE_160: "Каменные Потоки"
 STATE_161: "Кошицкий"
 STATE_162: "Павлоград"
 STATE_163: "Новоукраинка"
 STATE_163_ITA: "Зара"
 STATE_164: "Банскобыстрицкий"
 STATE_164_ITA: "Додеканесо"
 STATE_165: "Бахмутская городская община"
 STATE_165_ARTEM: "Артёмовская городская община"
 STATE_166: "Тульчин"
 STATE_167: "Мукачево"
 STATE_168: "Могилев-Подольский"
 STATE_169: "Каменское"
 STATE_169_Dneprodzerzhinsk: "Днепродзержинск"
 STATE_170: "Коломыя"
 STATE_171: "Астрахань"
 STATE_172: "Алчевск"
 STATE_173: "Луганск"
 STATE_174: "Хуст"
 STATE_175: "Голованевск"
 STATE_176: "Крымское"
 STATE_177: "Надворная"
 STATE_178: "Нитрянский"
 STATE_179: "Черновцы"
 STATE_180: "Синельниково"
 STATE_181: "Кельменцы"
 STATE_182: "Покровск"
 STATE_182_Krasnoarmeysk: "Красноармейск"
 STATE_183: "Краснодон"
 STATE_184: "Боршод-Абауй-Земплен"
 STATE_185: "Тячев"
 STATE_186: "Самарский район"
 STATE_187: "Днепр"
 STATE_187_Dnepropetrovsk: "Днепропетровск"
 STATE_188: "Единец"
 STATE_189: "Запад Шахтёрского района"
 STATE_190: "Косив"
 STATE_191: "Сабольч-Сатмар-Берег"
 STATE_192: "Выжница"
 STATE_193: "Рахов"
 STATE_194: "Антрацит"
 STATE_195: "Берегово"
 STATE_196: "Сороки"
 STATE_197: "Кривой Рог"
 STATE_198: "Верховина"
 STATE_199: "Ботошани"
 STATE_200: "Ноград"
 STATE_201: "Курмангазы"
 STATE_202: "Первомайск"
 STATE_203: "Подольск"
 STATE_203_Kotovsk: "Котовск"
 STATE_204: "Сарпинский район"
 STATE_205: "Донецк"
 STATE_206: "Слободзейский район"
 STATE_207: "Хевеш"
 STATE_208: "Запорожье"
 STATE_209: "Вознесенск"
 STATE_210: "Запад Запорожского района"
 STATE_211: "Сату-Маре"
 STATE_212: "Бельцы"
 STATE_213: "Волновахский район"
 STATE_214: "Пешт"
 STATE_215: "Баштанка"
 STATE_216: "Никополь"
 STATE_217: "Марамуреш"
 STATE_218: "Сучава"
 STATE_219: "Орхей"
 STATE_220: "Хайду-Бихар"
 STATE_221: "Комсомольское"
 STATE_222: "Хортица"
 STATE_223: "Токмакский район"
 STATE_224: "Комаром-Эстергом"
 STATE_225: "Яс-Надькун-Сольнок"
 STATE_226: "Энергодар"
 STATE_227: "Березовка"
 STATE_228: "Будапешт"
 STATE_229: "Бистрица-Нэсэуд"
 STATE_230: "Бихор"
 STATE_231: "Бериславский район"
 STATE_232: "Яссы"
 STATE_233: "Николаев"
 STATE_234: "Фейер"
 STATE_235: "Раздельная"
 STATE_236: "Унгень"
 STATE_237: "Мариуполь"
 STATE_238: "Сэлаж"
 STATE_239: "Муниципий Кишинёв"
 STATE_240: "Чаплынский район"
 STATE_241: "Клуж"
 STATE_242: "Бердянск"
 STATE_243: "Нямц"
 STATE_244: "Веспрем"
 STATE_245: "Бекеш"
 STATE_246: "Мелитополь"
 STATE_247: "Харгита"
 STATE_248: "Кишинёв"
 STATE_249: "Муреш"
 STATE_250: "Бач-Кишкун"
 STATE_251: "Генический район"
 STATE_252: "Хынчешты"
 STATE_253: "Херсон"
 STATE_254: "Васлуй"
 STATE_255: "Шомодь"
 STATE_256: "Одесса"
 STATE_257: "Краснодар"
 STATE_258: "Тольна"
 STATE_259: "Бакэу"
 STATE_260: "Каушаны"
 STATE_261: "Чонград"
 STATE_262: "Алёшкинский район"
 STATE_262_Tsyurupinsk: "Цюрупинск"
 STATE_263: "Арад"
 STATE_264: "Скадовский район"
 STATE_265: "Городовиковский район"
 STATE_266: "Дельта Днепра"
 STATE_267: "Албы"
 STATE_268: "Болград"
 STATE_269: "Кинбурнcкий полуостров"
 STATE_270: "Комрат"
 STATE_271: "Белгород-Днестровский"
 STATE_272: "ПЗ Брянск - Сумы (1)"
 STATE_273: "Кагул"
 STATE_274: "Национальный природный парк \"Нижнеднестровский\""
 STATE_275: "Баранья"
 STATE_276: "Тендровская коса"
 STATE_277: "Хунедоара"
 STATE_278: "Сибиу"
 STATE_279: "Ковасна"
 STATE_280: "Красноперекопский район"
 STATE_281: "Ставрополь"
 STATE_282: "Вранча"
 STATE_283: "Северная Бачка"
 STATE_284: "Тимиш"
 STATE_285: "Северный Банат"
 STATE_286: "Брашов"
 STATE_287: "Бирючий остров"
 STATE_288: "Галац"
 STATE_289: "Счастливцево"
 STATE_290: "Джанкойский район"
 STATE_291: "Джарылгач"
 STATE_292: "Западная Бачка"
 STATE_293: "Стаханов"
 STATE_294: "Лиманский район"
 STATE_295: "Осиек-Баранья"
 STATE_296: "Измаил"
 STATE_297: "Красногвардейский район"
 STATE_298: "Средний Банат"
 STATE_299: "Бузэу"
 STATE_300: "Южная Бачка"
 STATE_301: "Вулканешты"
 STATE_302: "ПЗ Брянск - Чернигов (1)"
 STATE_303: "Сакский район"
 STATE_304: "Белогорский район"
 STATE_305: "Караш-Северин"
 STATE_306: "ПЗ Курск - Сумы (1)"
 STATE_307: "Арджеш"
 STATE_308: "Вылча"
 STATE_309: "Кировский район"
 STATE_310: "Рени"
 STATE_311: "Прахова"
 STATE_312: "Вуковар-Срием"
 STATE_313: "Брэила"
 STATE_314: "Ленинский район"
 STATE_315: "Тулча"
 STATE_316: "Дымбовица"
 STATE_317: "Пожега-Славония"
 STATE_318: "Горж"
 STATE_319: "Южный Банат"
 STATE_320: "Брод-Посавина"
 STATE_321: "Симферополь"
 STATE_322: "Остров Чистой Банки"
 STATE_323: "Сьрем"
 STATE_324: "Майкоп"
 STATE_325: "Добой"
 STATE_326: "Оджак"
 STATE_327: "Орашье"
 STATE_328: "Кирин"
 STATE_329: "Белград"
 STATE_330: "Кулинский район"
 STATE_331: "Брчко"
 STATE_332: "Мачва"
 STATE_333: "Тузланский"
 STATE_334: "Биелина"
 STATE_335: "Севастополь"
 STATE_336: "ПЗ Белгород - Харьков (З)"
 STATE_337: "Ялта"
 STATE_338: "Олт"
 STATE_339: "Яломица"
 STATE_340: "Браничево"
 STATE_341: "Констанца"
 STATE_342: "Илфов"
 STATE_343: "Гагрский"
 STATE_344: "Пенза"
 STATE_345: "Долж"
 STATE_346: "Зеницко-Добойский"
 STATE_347: "Бор"
 STATE_348: "Кайсери"
 STATE_349: "Подунавье"
 STATE_350: "Зворник"
 STATE_351: "Минская область"
 STATE_352: "Кэлэраши"
 STATE_353: "Колубара"
 STATE_354: "Джурджу"
 STATE_355: "Бухарест"
 STATE_356: "Телеорман"
 STATE_357: "Остров Тюлений"
 STATE_358: "Черкесск"
 STATE_359: "Шумадия"
 STATE_360: "Поморавье"
 STATE_361: "Моравица"
 STATE_362: "Видинска"
 STATE_363: "Сараево-Романия"
 STATE_364: "Заечар"
 STATE_365: "Златибор"
 STATE_366: "Силистренска"
 STATE_367: "Герцеговино-Неретвенский"
 STATE_368: "Русенка"
 STATE_369: "Зеница"
 STATE_370: "Добричка"
 STATE_371: "ПЗ Белгород - Сумы (1)"
 STATE_372: "Чечня"
 STATE_373: "Требине"
 STATE_374: "Разградска"
 STATE_375: "Прохладненский район"
 STATE_376: "Бабаюртовский район"
 STATE_377: "ПЗ Курск - Сумы (3)"
 STATE_378: "Рашка"
 STATE_379: "Монтанска"
 STATE_380: "Расина"
 STATE_381: "Врачанска"
 STATE_382: "Нишава"
 STATE_383: "Трново"
 STATE_384: "Плевенска"
 STATE_385: "Моздокский район"
 STATE_386: "Шуменска"
 STATE_387: "Центральная Босния"
 STATE_388: "Великотърновска"
 STATE_389: "Варненска"
 BORDER_STATES: "Пустота"
 STATE_391: "32-я авиабаза"
 STATE_392: "Учебный полигон Пабраде"
 STATE_393: "Объединенный центр подготовки сил"
 STATE_394: "Военная база Девеселу"
 STATE_395: "ПЗ Ростов - Донецк (2)"
 STATE_395_DPR_recognized: "ПЗ Ростов - ДНР (2)"
 STATE_396: "ПЗ Ростов - Луганск (6)"
 STATE_396_LPR_recognized: "ПЗ Ростов - ЛНР (6)"
 STATE_397: "ПЗ Ростов - Луганск (5)"
 STATE_397_LPR_recognized: "ПЗ Ростов - ЛНР (5)"
 STATE_398: "ПЗ Гомель - Чернигов (С)"
 STATE_399: "ПЗ Гомель - Киев"
 STATE_400: "ПЗ Гомель - Житомир (В)"
 STATE_401: "ПЗ Гомель - Житомир (З)"
 STATE_402: "ПЗ Гомель - Чернигов (Ю-З)"
 STATE_403: "Остров Змеиный"
 STATE_407: "Каменский район"
 STATE_408: "Рыбницкий район"
 STATE_409: "Дубоссарский район"
 STATE_410: "Григориопольский район"
 STATE_411: "Военный полигон ЧВК «Вагнер»"
 STATE_411_RUS: "Молькино"
 STATE_412: "Заброшенная Советская База"
 STATE_412_WGN: "Военная база ЧВК «Вагнер»"
 STATE_413: "Каховский район"
 STATE_414: "БЗ Крым - Краснодар"
 STATE_415: "Коса Чушка"
 STATE_416: "Неклиновский район"
 STATE_417: "Дельта реки Дон"
 STATE_418: "Азовский район"
 STATE_419: "Азов"
 STATE_420: "Ростов-на-Дону"
 STATE_421: "Южный берег Ростова-на-Дону"
 STATE_422: "Таганрог"
 STATE_423: "Батайск"
 STATE_424: "Мясниковский район"
 STATE_425: "Север Аксайского района"
 STATE_426: "Юг Аксайского района"
 STATE_427: "Кагальницкий район"
 STATE_428: "Зерноградский район"
 STATE_429: "Егорлыкский район"
 STATE_430: "Целинский район"
 STATE_431: "Песчанокопский район"
 STATE_432: "Сальский район"
 STATE_433: "Веселовский район"
 STATE_434: "Багаевский район"
 STATE_435: "Семикаракорский район"
 STATE_436: "Волгодонский район"
 STATE_437: "Мартыновский район"
 STATE_438: "Пролетарский район"
 STATE_439: "Орловский район"
 STATE_440: "Зимовниковский район"
 STATE_441: "Ремонтненский район"
 STATE_442: "Заветинский район"
 STATE_443: "Дубовский район"
 STATE_444: "Волгодонск"
 STATE_445: "Матвеево-Курганский район"
 STATE_446: "Куйбышевский район"
 STATE_447: "Родионово-Несветанский район"
 STATE_448: "Октябрьский район"
 STATE_449: "Новошахтинск"
 STATE_450: "Новочеркасск"
 STATE_451: "Усть-Донецкий район"
 STATE_452: "Константиновский район"
 STATE_453: "Цимлянский район"
 STATE_454: "Морозовский район"
 STATE_455: "Тацинский район"
 STATE_456: "Белокалитвинский район"
 STATE_457: "Милютинский район"
 STATE_458: "Обливский район"
 STATE_459: "Советский район"
 STATE_460: "Кашарский район"
 STATE_461: "Боковский район"
 STATE_462: "Шолоховский район"
 STATE_463: "Верхнедонской район"
 STATE_464: "Чертковский район"
 STATE_465: "Миллеровский район"
 STATE_466: "Тарасовский район"
 STATE_467: "Каменский район"
 STATE_468: "Каменск-Шахтинский"
 STATE_469: "Жирновский район"
 STATE_470: "Городской округ Зверево"
 STATE_471: "Клетский район"
 STATE_472: "Суровикинский район"
 STATE_473: "Котельниковский район"
 STATE_474: "Октябрьский район"
 STATE_475: "Калачёвский район"
 STATE_476: "Чернышковский район"
 STATE_477: "Светлоярский район"
 STATE_478: "Серафимовичский район"
 STATE_479: "Фроловский район"
 STATE_480: "Кумылженский район"
 STATE_481: "Нехаевский район"
 STATE_482: "Алексеевский район"
 STATE_483: "Урюпинский район"
 STATE_484: "Волжский"
 STATE_485: "Среднеахтубинский район"
 STATE_486: "Ленинский район"
 STATE_487: "Быковский район"
 STATE_488: "Палласовский район"
 STATE_489: "Николаевский район"
 STATE_490: "Старополтавский район"
 STATE_491: "Ольховский район"
 STATE_492: "Котовский район"
 STATE_493: "Дубовский район"
 STATE_494: "Городищенский район"
 STATE_495: "Камышинский район"
 STATE_496: "Котовский район"
 STATE_497: "Михайловский район"
 STATE_498: "Новоаннинский район"
 STATE_499: "Новониколаевский район"
 STATE_500: "Киквидзенский район"
 STATE_501: "Еланский район"
 STATE_502: "Даниловский район"
 STATE_503: "Руднянский район"
 STATE_504: "Александрово-Гайский район"
 STATE_505: "Новоузенский район"
 STATE_506: "Питерский район"
 STATE_507: "Краснокутский район"
 STATE_508: "Ровенский район"
 STATE_509: "Энгельсский район"
 STATE_510: "Советский район"
 STATE_511: "Фёдоровский район"
 STATE_512: "Ершовский район"
 STATE_513: "Дергачёвский район"
 STATE_514: "Марксовский район"
 STATE_515: "Балаковский район"
 STATE_516: "Краснопартизанский район"
 STATE_517: "Пугачёвский район"
 STATE_518: "Ивантеевский район"
 STATE_519: "Духовницкий район"
 STATE_520: "Красноармейский район"
 STATE_521: "Лысогорский район"
 STATE_522: "Калининский район"
 STATE_523: "Самойловский район"
 STATE_524: "Балашовский район"
 STATE_525: "Романовский район"
 STATE_526: "Александрово-Гайский район"
 STATE_527: "Турковский район"
 STATE_528: "Ртищевский район"
 STATE_529: "Екатериновский район"
 STATE_530: "Аткарский район"
 STATE_531: "Петровский район"
 STATE_532: "Новобурасский район"
 STATE_533: "Базарно-Карабулакский район"
 STATE_534: "Балтайский район"
 STATE_535: "Вольский район"
 STATE_536: "Воскресенский район"
 STATE_537: "Татищевский район"
 STATE_538: "Хвалынский район"
 STATE_539: "Ахтубинский район"
 STATE_540: "Черноярский район"
 STATE_541: "Север Енотаевского района"
 STATE_542: "Юг Енотаевского района"
 STATE_543: "Харабалинский район"
 STATE_544: "Красноярский район"
 STATE_545: "Наримановский район"
 STATE_546: "Астрахань"
 STATE_547: "Володарский район"
 STATE_548: "Камызякский район"
 STATE_549: "ПЗ Пинск - Ровно (В)"
 STATE_550: "ПЗ Пинск - Ровно (З)"
 STATE_551: "ПЗ Брест - Львов (В)"
 STATE_552: "ПЗ Брест - Львов (З)"
 STATE_553: "Казачьи Лагери"
 STATE_554: "Алексеевский район"
 STATE_555: "Белгородский район"
 STATE_556: "Борисовский район"
 STATE_557: "Валуйский район"
 STATE_558: "Вейделевский район"
 STATE_559: "Волоконский район"
 STATE_560: "Грайворонский район"
 STATE_561: "Губкинский район"
 STATE_562: "Ивнянский район"
 STATE_563: "Корочанский район"
 STATE_564: "Красненский район"
 STATE_565: "Красногвардейский район"
 STATE_566: "Краснояружский район"
 STATE_567: "Новооскольский район"
 STATE_568: "Прохоровский район"
 STATE_569: "Ракитянский район"
 STATE_570: "Ровеньский район"
 STATE_571: "Старый Оскол"
 STATE_572: "Чернянский район"
 STATE_573: "Шебекенский район"
 STATE_574: "Яковлевский район"
 STATE_575: "Бахчисарайский район"
 STATE_576: "Керчь"
 STATE_577: "Нижнегорский район"
 STATE_578: "Первомайский район"
 STATE_579: "Раздольненский район"
 STATE_580: "Симферопольский район"
 STATE_581: "Евпатория"
 STATE_582: "Советский район"
 STATE_583: "Черноморский район"
 STATE_584: "Джанкой"
 STATE_585: "Алушта"
 STATE_586: "Судак"
 STATE_587: "Феодосия"
 STATE_588: "Беловский район"
 STATE_589: "Большесолдатский район"
 STATE_590: "Глушковский район"
 STATE_591: "Горшеченский район"
 STATE_592: "Дмитриевский район"
 STATE_593: "Железногорский район"
 STATE_594: "Золотухинский район"
 STATE_595: "Касторенский район"
 STATE_596: "Конышёвский район"
 STATE_597: "Кореневский район"
 STATE_598: "Курский район"
 STATE_599: "Курчатовский район"
 STATE_600: "Льговский район"
 STATE_601: "Мантуровский район"
 STATE_602: "Обоянский район"
 STATE_603: "Октябрьский район"
 STATE_604: "Поныровский район"
 STATE_605: "Пристенский район"
 STATE_606: "Рыльский район"
 STATE_607: "Советский район"
 STATE_608: "Солнцевский район"
 STATE_609: "Суджанский район"
 STATE_610: "Тимский район"
 STATE_611: "Фатежский район"
 STATE_612: "Хомутовский район"
 STATE_613: "Черемисиновский район"
 STATE_614: "Щигровский район"
 STATE_615: "Железногорск"
 STATE_616: "Медвенский район"
 STATE_634: "ПЗ Брянск - Чернигов (2)"
 STATE_633: "ПЗ Брянск - Чернигов (3)"
 STATE_632: "ПЗ Брянск - Чернигов (4)"
 STATE_631: "ПЗ Брянск - Сумы (2)"
 STATE_630: "ПЗ Брянск - Сумы (3)"
 STATE_629: "ПЗ Курск - Сумы (2)"
 STATE_627: "ПЗ Курск - Сумы (4)"
 STATE_626: "ПЗ Курск - Сумы (5)"
 STATE_628: "ПЗ Курск - Сумы (6)"
 STATE_625: "ПЗ Курск - Сумы (7)"
 STATE_371: "ПЗ Курск - Сумы (8)"
 STATE_624: "ПЗ Белгород - Сумы (2)"
 STATE_623: "ПЗ Белгород - Сумы (3)"
 STATE_622: "ПЗ Белгород - Харьков (1)"
 STATE_617: "ПЗ Белгород - Харьков (2)"
 STATE_621: "ПЗ Белгород - Харьков (6)"
 STATE_620: "ПЗ Белгород - Харьков (7)"
 STATE_619: "ПЗ Белгород - Харьков (8)"
 STATE_618: "ПЗ Белгород - Луганск (1)"
 STATE_635: "ПЗ Белгород - Луганск (3)"
 STATE_636: "ПЗ Воронеж - Луганск (1)"
 STATE_638: "ПЗ Ростов - Луганск (2)"
 STATE_637: "ПЗ Ростов - Луганск (3)"
 STATE_641: "ПЗ Ростов - Луганск (4)"
 STATE_640: "ПЗ Ростов - Донецк (1)"
 STATE_639: "ПЗ Ростов - Донецк (3)"
 STATE_618_LPR_recognized: "ПЗ Белгород - ЛНР (1)"
 STATE_635_LPR_recognized: "ПЗ Белгород - ЛНР (3)"
 STATE_636_LPR_recognized: "ПЗ Воронеж - ЛНР (1)"
 STATE_638_LPR_recognized: "ПЗ Ростов - ЛНР (2)"
 STATE_637_LPR_recognized: "ПЗ Ростов - ЛНР (3)"
 STATE_641_LPR_recognized: "ПЗ Ростов - ЛНР (4)"
 STATE_640_DPR_recognized: "ПЗ Ростов - ДНР (1)"
 STATE_639_DPR_recognized: "ПЗ Ростов - ДНР (3)"
 STATE_642: "Голопристанский район"
 STATE_643: "Каланчакский район"
 STATE_644: "Новая Каховка"
 STATE_645: "Горностаевский район"
 STATE_646: "Новотроицкий район"
 STATE_647: "Ивановский район"
 STATE_648: "Нижнесерогозский район"
 STATE_649: "Великолепетихский район"
 STATE_650: "Верхнерогачикский район"
 STATE_651: "Белозёрский район"
 STATE_652: "Великоалександровский район"
 STATE_653: "Высокопольский район"
 STATE_654: "Нововоронцовский район"
 STATE_655: "Акимовский район"
 STATE_658: "Веселовский район"
 STATE_661: "Мелитопольский район"
 STATE_662: "Михайловский район"
 STATE_657: "Васильевский район"
 STATE_659: "Каменско-Днепровский район"
 STATE_664: "Приазовский район"
 STATE_665: "Приморский район"
 STATE_656: "Бердянский район"
 STATE_666: "Черниговский район"
 STATE_663: "Пологовский район"
 STATE_670: "Ореховский район"
 STATE_668: "Гуляйпольский район"
 STATE_660: "Бельмакский район"
 STATE_672: "Розовский район"
 STATE_669: "Восток Запорожского района"
 STATE_667: "Вольнянский район"
 STATE_671: "Правый берег Запорожья"
 STATE_673: "Новониколаевский район"
 STATE_674: "ПЗ Поморское - Калининград"
 STATE_675: "ПЗ Варминско-Мазурское - Калининград (1)"
 STATE_676: "ПЗ Варминско-Мазурское - Калининград (2)"
 STATE_677: "ПЗ Варминско-Мазурское - Калининград (3)"
 STATE_678: "ПЗ Варминско-Мазурское - Калининград (4)"
 STATE_679: "ПЗ Варминско-Мазурское - Калининград (5)"
 STATE_680: "ПЗ Варминско-Мазурское - Калининград (6)"
 STATE_681: "ПЗ Варминско-Мазурское - Калининград (7)"
 STATE_682: "ПЗ Варминско-Мазурское - Калининград (8)"
 STATE_683: "ПЗ Мариямполе - Калининград (1)"
 STATE_684: "ПЗ Мариямполе - Калининград (2)"
 STATE_685: "ПЗ Мариямполе - Калининград (3)"
 STATE_686: "Краснознаменский район"
 STATE_687: "Неманский район"
 STATE_688: "Советск"
 STATE_689: "Полесский район"
 STATE_690: "Славский район"
 STATE_691: "ПЗ Клайпеда - Калининград (5)"
 STATE_692: "Балтийск"
 STATE_693: "Багратионовский район"
 STATE_694: "Светлогорск"
 STATE_695: "Гурьевский район"
 STATE_696: "Гвардейский район"
 STATE_697: "Правдинский район"
 STATE_698: "Черняховский район"
 STATE_699: "Светлый"
 STATE_700: "Зеленоградский район"
 STATE_701: "Озёрский район"
 STATE_702: "Гусевский район"
 STATE_703: "Нестеровский район"
 STATE_704: "ПЗ Крым - Херсон (1)"
 STATE_705: "ПЗ Крым - Херсон (2)"
 STATE_706: "ПЗ Крым - Херсон (3)"
 STATE_707: "ПЗ Ростов - Луганск (7)"
 STATE_708: "Мангушский район"
 STATE_709: "Никольский район"
 STATE_710: "Запад Новоазовского района"
 STATE_711: "Новоазовский район"
 STATE_712: "Запад Тельмановского района"
 STATE_713: "Тельмановский район"
 STATE_714: "Великоновосёлковский район"
 STATE_715: "Марьинский район"
 STATE_716: "Докучаевск"
 STATE_717: "Восток Марьинского района"
 STATE_718: "Рутульский район"
 STATE_719: "Тляратинский район"
 STATE_720: "Ареун"
 STATE_721: "Гудермесский район"
 STATE_722: "Шелковской район"
 STATE_723: "Наурский район"
 STATE_724: "Надтеречный район"
 STATE_725: "Приютненский район"
 STATE_726: "Целинный район"
 STATE_727: "Кетченеровский район"
 STATE_728: "Ики-Бурульский район"
 STATE_729: "Черноземельский район"
 STATE_730: "Лаганский район"
 STATE_731: "Яшкульский район"
 STATE_732: "Юстинский район"
 STATE_733: "Октябрьский район"
 STATE_734: "Малодербетовский район"
 STATE_735: "Курский район"
 STATE_736: "Степновский район"
 STATE_737: "Нефтекумский район"
 STATE_738: "Левокумский район"
 STATE_739: "Буденновский район"
 STATE_740: "Советский район"
 STATE_741: "Кировский район"
 STATE_742: "Геогиевский район"
 STATE_743: "Арзгирский район"
 STATE_744: "Туркменский район"
 STATE_745: "Апанасенковский район"
 STATE_746: "Ипатовский район"
 STATE_747: "Благодарненский район"
 STATE_748: "Новоселицкий район"
 STATE_749: "Александровский район"
 STATE_750: "Минерало-Водский район"
 STATE_751: "Предгорный район"
 STATE_752: "Петровский район"
 STATE_753: "Грачевский район"
 STATE_754: "Андроповский район"
 STATE_755: "Кочубеевский район"
 STATE_756: "Шпаковский район"
 STATE_757: "Труновский район"
 STATE_758: "Изобильненский район"
 STATE_759: "Новоалександровский район"
 STATE_760: "Красногвардейский район"
 STATE_761: "Терский район"
 STATE_762: "Майский район"
 STATE_763: "Урванский район"
 STATE_764: "Баксанский район"
 STATE_765: "Чегемский район"
 STATE_766: "Эльбрусский район"
 STATE_767: "Зольский район"
 STATE_768: "Малокарачаевский район"
 STATE_769: "Ейский район"
 STATE_770: "Щербиновский район"
 STATE_771: "Староминский район"
 STATE_772: "Кущевский район"
 STATE_773: "Ленинградский район"
 STATE_774: "Крыловский район"
 STATE_775: "Каневской район"
 STATE_776: "Приморско-Актарский район"
 STATE_777: "Брюховецкий район"
 STATE_778: "Павловский район"
 STATE_779: "Белоглинский район"
 STATE_780: "Новопокровский район"
 STATE_781: "Тихорецкий район"
 STATE_782: "Выселковский район"
 STATE_783: "Кореновский район"
 STATE_784: "Тимашевский район"
 STATE_785: "Калининский район"
 STATE_786: "Славянский район"
 STATE_787: "Красноармейский район"
 STATE_788: "Динской район"
 STATE_789: "Усть-Лабинский район"
 STATE_790: "Тбилисский район"
 STATE_791: "Кавказский район"
 STATE_792: "Гулькевичский район"
 STATE_793: "Темрюкский район"
 STATE_794: "Анапа"
 STATE_795: "Новороссийск"
 STATE_796: "Крымский район"
 STATE_797: "Геленджик"
 STATE_798: "Абинский район"
 STATE_799: "Северский район"
 STATE_800: "Туапсинский район"
 STATE_801: "Горячий Ключ"
 STATE_802: "Белореченский район"
 STATE_803: "Апшеронский район"
 STATE_804: "Сочи"
 STATE_805: "Курганинский район"
 STATE_806: "Новокубанский район"
 STATE_807: "Успенский район"
 STATE_808: "Армавир"
 STATE_809: "Отрадненский район"
 STATE_810: "Лабинский район"
 STATE_811: "Мостовский район"
 STATE_812: "Прикубанский район"
 STATE_813: "Ногайский район"
 STATE_814: "Адыге-Хабльский район"
 STATE_815: "Усть-Джегутинский район"
 STATE_816: "Абазинский район"
 STATE_817: "Хабезский район"
 STATE_818: "Зеленчукский район"
 STATE_819: "Карачаевский район"
 STATE_820: "Урупский район"
 STATE_821: "Тахтамукайский район"
 STATE_822: "Адыгейск"
 STATE_823: "Теучежский район"
 STATE_824: "Красногвардейский район"
 STATE_825: "Шовгеновский район"
 STATE_826: "Гиагинский район"
 STATE_827: "Майкопский район"
 STATE_828: "Климовский район"
 STATE_829: "Жуковский район"
 STATE_830: "Новозыбковский район"
 STATE_831: "Гордеевский район"
 STATE_832: "Красногорский район"
 STATE_833: "Клинцовский район"
 STATE_834: "Клинцы"
 STATE_835: "Стародубский район"
 STATE_836: "Погарский район"
 STATE_837: "Трубчевский район"
 STATE_838: "Суземский район"
 STATE_839: "Севский район"
 STATE_840: "Комаричский район"
 STATE_841: "Брасовский района"
 STATE_842: "Навлинский района"
 STATE_843: "Карачевский район"
 STATE_844: "Брянский район"
 STATE_845: "Выгонический район"
 STATE_846: "Почепский район"
 STATE_847: "Жирятинский район"
 STATE_848: "Суражский район"
 STATE_849: "Унечский район"
 STATE_850: "Мглинский район"
 STATE_851: "Клетнянский район"
 STATE_852: "Дубровский район"
 STATE_853: "Жуковский район"
 STATE_854: "Дятьковский район"
 STATE_855: "Рогнединский район"
 STATE_856: "Кантемировский район"
 STATE_857: "Россошский район"
 STATE_858: "Ольховатский район"
 STATE_859: "Подгоренский район"
 STATE_860: "Богучарский район"
 STATE_861: "Петропавловский район"
 STATE_862: "Павловский район"
 STATE_863: "Урванский район"
 STATE_864: "Каменский район"
 STATE_865: "Острогожский район"
 STATE_866: "Репьевский район"
 STATE_867: "Нижнедевицкий район"
 STATE_868: "Хохольский район"
 STATE_869: "Калачский район"
 STATE_870: "Воробьевский район"
 STATE_871: "Бутурлиновский район"
 STATE_872: "Новохолерский район"
 STATE_873: "Поворинский район"
 STATE_874: "Борисоглебский район"
 STATE_875: "Грибановский район"
 STATE_876: "Терновский район"
 STATE_877: "Эртильский район"
 STATE_878: "Анновский район"
 STATE_879: "Таловой район"
 STATE_880: "Бобровский район"
 STATE_881: "Лискинский район"
 STATE_882: "Каширский район"
 STATE_883: "Нововоронеж"
 STATE_884: "Панинский район"
 STATE_885: "Верхнехавский район"
 STATE_886: "Новоусманский район"
 STATE_887: "Семилукский район"
 STATE_888: "Рамонский район"
 STATE_889: "ПЗ Белгород - Харьков (4)"
 STATE_890: "Торецкая городская община"
 STATE_891: "Горловка" 
 STATE_892: "Восток Ясиноватского района" 
 STATE_893: "Запад Ясиноватского района" 
 STATE_894: "Добропольский район" 
 STATE_895: "Амвросиевский район" 
 STATE_896: "Иловайск" 
 STATE_897: "Харцызск" 
 STATE_898: "Макеевка" 
 STATE_899: "Енакиево" 
 STATE_900: "Светлодарская городская община" 
 STATE_901: "Дебальцево" 
 STATE_902: "Снежное" 
 STATE_903: "Торез" 
 STATE_904: "Восток Шахтёрского района" 
 STATE_905: "Александровский район" 
 STATE_906: "Славянск" 
 STATE_907: "Славянский район" 
 STATE_908: "Константиновский район" 
 STATE_909: "Лиманский район" 
 STATE_910: "Николаевский сельсовет" 
 STATE_911: "Соледарская городская община" 
 STATE_912: "Северская городская община" 
 STATE_913: "Часовоярская городская община" 
 STATE_914: "Купянский район"
 STATE_915: "Двуречанский район"
 STATE_916: "Великобурлукский район"
 STATE_917: "Шевченковский район"
 STATE_918: "Изюмский район"
 STATE_919: "Барвенковский район"
 STATE_920: "Балаклейский район"
 STATE_921: "Змиевский район"
 STATE_922: "Волчанский район"
 STATE_923: "Печенежский район"
 STATE_924: "Близнюковский район"
 STATE_925: "Первомайский район"
 STATE_926: "Дергачёвский район"
 STATE_927: "Юг Харьковский район"
 STATE_928: "Север Харьковского района"
 STATE_929: "Нововодолажский район"
 STATE_930: "Кегичевский район"
 STATE_931: "Зачепиловский район"
 STATE_932: "Сахновщинский район"
 STATE_933: "Валковский район"
 STATE_934: "Коломацкий район"
 STATE_935: "Краснокутский район"
 STATE_936: "Золочевский район"
 STATE_937: "Тростянецкий район"
 STATE_938: "Великописаревский район"
 STATE_939: "Краснопольский район"
 STATE_940: "Лебединский район"
 STATE_941: "Липоводолинский район"
 STATE_942: "Недригайловский район"
 STATE_943: "Белопольский район"
 STATE_944: "Сумский"
 STATE_945: "Бурынский район"
 STATE_946: "Путивльский район"
 STATE_947: "Кролевецкий район"
 STATE_948: "Глуховский район"
 STATE_949: "Ямпольский"
 STATE_950: "Середино-Будский район"
 STATE_951: "Черниговский район"
 STATE_952: "Репкинский район"
 STATE_953: "Городянский район"
 STATE_954: "Щорский район"
 STATE_955: "Менский район"
 STATE_956: "Сосницкий район"
 STATE_957: "Семеновский район"
 STATE_958: "Коропский район"
 STATE_959: "Куликовский район"
 STATE_960: "Козелецкий район"
 STATE_961: "Носовский район"
 STATE_962: "Бобровицкий район"
 STATE_963: "Борзнянский район"
 STATE_964: "Бахмачский район"
 STATE_965: "Нежинский район"
 STATE_966: "Прилуцкий район"
 STATE_967: "Ичнянский район"
 STATE_968: "Варвинский район"
 STATE_969: "Серебрянский район"
 STATE_970: "Талалаевский район"
 STATE_971: "Троицкий район"
 STATE_972: "Белокуракинский район"
 STATE_973: "Новопсковский район"
 STATE_974: "Марковский район"
 STATE_975: "Меловский район"
 STATE_976: "Беловодский район"
 STATE_977: "Кременский район"
 STATE_978: "Север Попаснянского района"
 STATE_979: "Рубежанская городская община"
 STATE_980: "Восток Попаснянского района"
 STATE_981: "Попаснянский район"
 STATE_982: "Перевальский район"
 STATE_983: "Свердловский район"
 STATE_984: "Лутугинский район"
 STATE_985: "Васильковский район"
 STATE_986: "Покровский район"
 STATE_987: "Межовский район"
 STATE_988: "Петропавловский район"
 STATE_989: "Павлоградский район"
 STATE_990: "Юрьевский район"
 STATE_991: "Магдалиновский район"
 STATE_992: "Царичанский район"
 STATE_993: "Петриковский район"
 STATE_994: "Новомосковский район"
 STATE_995: "Cевер Днепровского района"
 STATE_996: "Восток Днепровского района"
 STATE_997: "Юг Днепровского района"
 STATE_998: "Солонянский район"
 STATE_999: "Верхнеднепровский район"
 STATE_1000: "Криничанский район"
 STATE_1001: "Пятихатский район"
 STATE_1002: "Никопольский район"
 STATE_1003: "Покровская городская община"
 STATE_1004: "Марганецкая городская община"
 STATE_1005: "Томаковский район"
 STATE_1006: "Запад Криворожского района"
 STATE_1007: "Восток Криворожского района"
 STATE_1008: "Апостоловский район"
 STATE_1009: "Софиевский район"
 STATE_1010: "Широковский район"
 STATE_1011: "Николаевский район"
 STATE_1012: "Витовский район"
 STATE_1013: "Очаковский район"
 STATE_1014: "Новоодесский район"
 STATE_1015: "Березанский район"
 STATE_1016: "Березнеговатcкий район"
 STATE_1017: "Казанковский район"
 STATE_1018: "Новобугский район"
 STATE_1019: "Снигиревский район"
 STATE_1020: "Братский район"
 STATE_1021: "Домановский район"
 STATE_1022: "Еланецкий район"
 STATE_1023: "Веселиновский район"
 STATE_1024: "Арбузинский район"
 STATE_1025: "Врадиевский район"
 STATE_1026: "Кривоозерский район"