l_russian:
 VICTORY_POINTS_TOOLTIP: "§G$NAME$§!victory points = §Y$POINTS$§!"
 #Украина - Страна
 #Черное море - Стратегический регион - 29
 #Азовское море - Стратегический регион - 30
 #Остров Змениный - Стейт - 403
 VICTORY_POINTS_18232: "Остров Змеиный"
 #Остров Тузла - Стейт - 414
 VICTORY_POINTS_18842: "Крымский Мост"
 #Коса Чушка - Стейет - 415
 VICTORY_POINTS_18843: "Чушка"
 #Крым - Стратегический регион - 28
 #Керчь - Стейт - 314
 VICTORY_POINTS_620: "Заветное"
 VICTORY_POINTS_5079: "Багерово"
 VICTORY_POINTS_5499: "Щёлкино"
 VICTORY_POINTS_11806: "Ленино"
 VICTORY_POINTS_16797: "Горностаевка"
 VICTORY_POINTS_16806: "Керчь"
 #Феодосия - Стейт - 309
 VICTORY_POINTS_2613: "Судак"
 VICTORY_POINTS_3199: "Кировское"
 VICTORY_POINTS_4724: "Морское"
 VICTORY_POINTS_7945: "Приморский"
 VICTORY_POINTS_7981: "Золотое Поле"
 VICTORY_POINTS_9845: "Старый Крым"
 VICTORY_POINTS_13258: "Советский"
 VICTORY_POINTS_13394: "Яркое Поле"
 VICTORY_POINTS_16879: "Феодосия"
 #Белогорск - Cтейт - 304
 VICTORY_POINTS_1451: "Нижнегорский"
 VICTORY_POINTS_8111: "Зуя"
 VICTORY_POINTS_10608: "Садовое"
 VICTORY_POINTS_12436: "Белогорск"
 VICTORY_POINTS_13227: "Чкалово"
 #Ялта - Стейт - 337
 VICTORY_POINTS_9573: "Гурзуф"
 VICTORY_POINTS_10378: "Алушта"
 VICTORY_POINTS_10687: "Алупка"
 VICTORY_POINTS_11912: "Ялта"
 #Симферополь - Стейт - 321
 VICTORY_POINTS_742: "Кольчугино"
 VICTORY_POINTS_3527: "Гвардейское"
 VICTORY_POINTS_6858: "Перевальное"
 VICTORY_POINTS_18123: "Симферополь"
 #Севстополь - Стейт - 335
 VICTORY_POINTS_385: "Форос"
 VICTORY_POINTS_2463: "Бахчисарай"
 VICTORY_POINTS_4584: "Вилино"
 VICTORY_POINTS_8870: "Кача"
 VICTORY_POINTS_15436: "Севастополь"
 VICTORY_POINTS_18120: "Балаклава"
 #Евпатория - Стейт - 303
 VICTORY_POINTS_1228: "Мирный"
 VICTORY_POINTS_9131: "Саки"
 VICTORY_POINTS_5246: "Новофёдоровка"
 VICTORY_POINTS_6026: "Кировское"
 VICTORY_POINTS_9477: "Евпатория"
 VICTORY_POINTS_11115: "Оленевка"
 VICTORY_POINTS_16736: "Черноморское"
 VICTORY_POINTS_16848: "Заозёрное"
 VICTORY_POINTS_15453: "Новоозёрное"
 #Красноперекопск - Стейт - 280
 VICTORY_POINTS_1306: "Ищунь"
 VICTORY_POINTS_1334: "Воинка"
 VICTORY_POINTS_1647: "Раздольное"
 VICTORY_POINTS_2833: "Красноперекопск"
 VICTORY_POINTS_4172: "Новосёловское"
 VICTORY_POINTS_12256: "Армянск"
 VICTORY_POINTS_16723: "Березовка"
 #Красногвардейское - Стейт - 297
 VICTORY_POINTS_399: "Александровка"
 VICTORY_POINTS_3201: "Красногвардейское"
 VICTORY_POINTS_7616: "Первомайское"
 VICTORY_POINTS_8093: "Войково"
 VICTORY_POINTS_12771: "Октябрьское"
 VICTORY_POINTS_16816: "Сизовка"
 #Джанкой - Стейт - 290
 VICTORY_POINTS_361: "Джанкой"
 VICTORY_POINTS_2481: "Азовское"
 VICTORY_POINTS_4249: "Маслово"
 VICTORY_POINTS_12646: "Завет-Ленинский"
 VICTORY_POINTS_15140: "Победное"
 #Херсон - Стратегический регион - 27
 #Счасливцево - Стейт - 289
 VICTORY_POINTS_2177: "Счасливцево"
 VICTORY_POINTS_7216: "Стрелковое"
 #Геническ - Стейт - 251
 VICTORY_POINTS_127: "Громовка"
 VICTORY_POINTS_823: "Чкалово"
 VICTORY_POINTS_3984: "Петровка"
 VICTORY_POINTS_8882: "Ивановка"
 VICTORY_POINTS_9304: "Агайманы"
 VICTORY_POINTS_9801: "Рыково"
 VICTORY_POINTS_11512: "Новогригоровка"
 VICTORY_POINTS_11647: "Нижние Серогозы"
 VICTORY_POINTS_11798: "Новоалексеевка"
 VICTORY_POINTS_12119: "Чонгар"
 VICTORY_POINTS_12533: "Сивашское"
 VICTORY_POINTS_16502: "Новотроицкое"
 VICTORY_POINTS_18840: "Геническ"
 #Каховский район - Стейт - 240
 VICTORY_POINTS_743: "Константиновка"
 VICTORY_POINTS_3295: "Аскания Нова"
 VICTORY_POINTS_3800: "Большая Лепетиха"
 VICTORY_POINTS_11517: "Каиры"
 VICTORY_POINTS_16190: "Чаплинка"
 VICTORY_POINTS_16256: "Горностаевка"
 VICTORY_POINTS_16260: "Рубановка"
 VICTORY_POINTS_16513: "Григоровка"
 VICTORY_POINTS_18398: "Любимовка"
 VICTORY_POINTS_1690: "Верхний Рогачик"
 #Каховка - Стейт - 413
 VICTORY_POINTS_18397: "Каховка"
 #Алёшки - Стейт - 262
 VICTORY_POINTS_27: "Виноградово"
 VICTORY_POINTS_7818: "Новая Маячка"
 VICTORY_POINTS_11545: "Великие Копани"
 VICTORY_POINTS_12199: "Казачьи Лагери"
 VICTORY_POINTS_12964: "Алёшки"
 VICTORY_POINTS_16447: "Национальный парк «Алёшкинские пески»"
 VICTORY_POINTS_16447_park: "Национальный парк «Нижнеднепровские пески»"
 VICTORY_POINTS_16488: "Брилевка"
 VICTORY_POINTS_18396: "Новая Каховка"
 VICTORY_POINTS_18401: "Алёшки"
 VICTORY_POINTS_18401_Tsyurupinsk: "Цюрупинск"
 #Скадовск - Стейт - 264
 VICTORY_POINTS_1513: "Скадовск"
 VICTORY_POINTS_2014: "Лазурное"
 VICTORY_POINTS_2340: "Геройское"
 VICTORY_POINTS_2443: "Скадовск"
 VICTORY_POINTS_3590: "Каланчак"
 VICTORY_POINTS_6238: "Хорлы"
 VICTORY_POINTS_10878: "Новониколаевка"
 VICTORY_POINTS_11843: "Железный Порт"
 VICTORY_POINTS_12502: "Новая Збурьевка"
 VICTORY_POINTS_12891: "Николаевка"
 VICTORY_POINTS_16575: "Красное"
 VICTORY_POINTS_18403: "Голая Пристань"
 #Джарылгач - Стейт - 291
 VICTORY_POINTS_17198: "Джарылгач"
 #Тендровская коса - Стейт - 276
 VICTORY_POINTS_17196: "Тендровская коса"
 #Кинбурнский полуостров - Стейт - 269
 VICTORY_POINTS_16444: "Василевка"
 VICTORY_POINTS_18807: "Покровское"
 VICTORY_POINTS_18808: "Покровка"
 VICTORY_POINTS_18810: "Остров Круглый"
 VICTORY_POINTS_18811: "Остров Долгий"
 #Дельта Днепра - Стейт - 266
 VICTORY_POINTS_18786: "Остров Большой Потёмкинский"
 VICTORY_POINTS_16438: "Белогрудово"
 VICTORY_POINTS_18785: "Остров Забич"
 #Мелитополь - Стейт - 246
 VICTORY_POINTS_746: "Охримовка"
 VICTORY_POINTS_951: "Приазовское"
 VICTORY_POINTS_2642: "Веселое"
 VICTORY_POINTS_4454: "Астраханка"
 VICTORY_POINTS_5115: "Фёдоровка"
 VICTORY_POINTS_5565: "Степановка \nПервая"
 VICTORY_POINTS_5923: "Ботиево"
 VICTORY_POINTS_7513: "Нововасилевка"
 VICTORY_POINTS_10341: "Терпенье"
 VICTORY_POINTS_11743: "Гирсовка"
 VICTORY_POINTS_11871: "Константиновка"
 VICTORY_POINTS_11979: "Новобогдановка"
 VICTORY_POINTS_12353: "Кирилловка"
 VICTORY_POINTS_15283: "Акимовка"
 VICTORY_POINTS_18387: "Мелитополь"
 #Бирючий остров - Cтейт - 287
 VICTORY_POINTS_17197: "Остров Бирючий"
 #Васильевка - Стейт - 226
 VICTORY_POINTS_5471: "Малая Белозёрка"
 VICTORY_POINTS_5544: "Новогоровка"
 VICTORY_POINTS_10386: "Великая Белозёрка"
 VICTORY_POINTS_11114: "Днепрорудное"
 VICTORY_POINTS_11891: "Энергодар"
 VICTORY_POINTS_16153: "Днепровка"
 VICTORY_POINTS_10145: "Запорожская АЭС"
 VICTORY_POINTS_18394: "Водяное"
 VICTORY_POINTS_11969: "Михайловка"
 VICTORY_POINTS_12797: "Степногорск"
 VICTORY_POINTS_15420: "Пришиб"
 VICTORY_POINTS_16216: "Тимошовка"
 VICTORY_POINTS_18395: "Каменка\nДнепровская"
 #Пологи - Стейт - 223
 VICTORY_POINTS_1495: "Успеновка"
 VICTORY_POINTS_1540: "Токмак"
 VICTORY_POINTS_6251: "Камыш-Заря"
 VICTORY_POINTS_7932: "Фёдоровка"
 VICTORY_POINTS_13511: "Алексеевка"
 VICTORY_POINTS_13799: "Молчановск"
 VICTORY_POINTS_18389: "Орехов"
 VICTORY_POINTS_18391: "Пологи"
 VICTORY_POINTS_18392: "Гуляйполе"
 VICTORY_POINTS_18437: "Воскресенка"
 VICTORY_POINTS_18437_Chapaevka: "Чапаевка"
 VICTORY_POINTS_18440: "Каменка"
 VICTORY_POINTS_18440_Kuibyshev: "Куйбышево"
 VICTORY_POINTS_14676: "Розовка"
 VICTORY_POINTS_18442: "Работино"
 VICTORY_POINTS_18433: "Новоданиловка"
 #Бердянск - Стейт - 242
 VICTORY_POINTS_39: "Нововасильевка"
 VICTORY_POINTS_2682: "Черниговка"
 VICTORY_POINTS_3321: "Приморск"
 VICTORY_POINTS_3782: "Берестовое"
 VICTORY_POINTS_8312: "Андреевка"
 VICTORY_POINTS_11069: "Осипенко"
 VICTORY_POINTS_15389: "Осипенко"
 VICTORY_POINTS_16221: "Владовка"
 VICTORY_POINTS_16261: "Елисеевка"
 VICTORY_POINTS_16333: "Бердянск"
 #Запорожье - Стейт - 208
 VICTORY_POINTS_6789: "Славгород"
 VICTORY_POINTS_7827: "Кушугум"
 VICTORY_POINTS_11735: "Терноватое"
 VICTORY_POINTS_18425: "Камышеваха"
 VICTORY_POINTS_18427: "Вольнянск"
 VICTORY_POINTS_18436: "Таврическое"
 VICTORY_POINTS_1677: "Запорожье"
 VICTORY_POINTS_12464: "Новониколаевка"
 #Донбасс - Стратегический регион - 31
 #Мариуполь - Стейт - 237
 VICTORY_POINTS_3822: "Мариуполь"
 VICTORY_POINTS_5488: "Ялта"
 VICTORY_POINTS_16210: "Сартана"
 VICTORY_POINTS_16229: "Урзуф"
 VICTORY_POINTS_18122: "Азовсталь"
 VICTORY_POINTS_18486: "Мангуш"
 VICTORY_POINTS_18502: "Никольское"
 VICTORY_POINTS_12484: "Малоянисоль"
 VICTORY_POINTS_18524: "Чермалык"
 #Волноваха - Стейт - 213
 VICTORY_POINTS_801: "Владимировка"
 VICTORY_POINTS_4009: "Гранитное"
 VICTORY_POINTS_6780: "Донское"
 VICTORY_POINTS_13691: "Новотроицкое"
 VICTORY_POINTS_18461: "Андреевка"
 VICTORY_POINTS_18465: "Угледар"
 VICTORY_POINTS_18468: "Волноваха"
 VICTORY_POINTS_18474: "Великая Новосёлка"
 VICTORY_POINTS_18480: "Старомлиновка"
 VICTORY_POINTS_10632: "Красная Поляна"
 VICTORY_POINTS_788: "Богатырь"
 #Покровск
 VICTORY_POINTS_18546: "Кураховка"
 VICTORY_POINTS_18548: "Горняк"
 VICTORY_POINTS_18549: "Украинск"
 VICTORY_POINTS_18549_Lesovka: "Лесовка"
 VICTORY_POINTS_18534: "Центр Марьинки"
 VICTORY_POINTS_18537: "Запад Марьинки"
 VICTORY_POINTS_18526: "Юг Марьинки"
 VICTORY_POINTS_18520: "Красногоровка"
 VICTORY_POINTS_4731: "Пески"
 VICTORY_POINTS_2459: "Новоэкономическое"
 VICTORY_POINTS_18795: "Орловка"
 VICTORY_POINTS_15889: "Галицыновка"
 VICTORY_POINTS_18566: "Север Первомайского"
 VICTORY_POINTS_18562: "Первомайское"
 VICTORY_POINTS_18563: "Нетайлово"
 VICTORY_POINTS_18565: "Водяное"
 VICTORY_POINTS_18570: "Коксохимический завод"
 VICTORY_POINTS_17664: "9-ый квартал"
 VICTORY_POINTS_18569: "Авдеевка"
 VICTORY_POINTS_18568: "Авдеевская промзона"
 VICTORY_POINTS_18572: "Крутая Балка"
 VICTORY_POINTS_18564: "Опытное"
 VICTORY_POINTS_3236: "Андреевка"
 VICTORY_POINTS_10526: "Александровка"
 VICTORY_POINTS_12723: "Мирная Долина"
 VICTORY_POINTS_15780: "Романовка"
 VICTORY_POINTS_18577: "Нелеповка"
 VICTORY_POINTS_18581: "Торецк"
 VICTORY_POINTS_18581_Dzerzhinsk: "Дзержинск"
 VICTORY_POINTS_15874: "Верхнеторецкое"
 VICTORY_POINTS_18580: "Юг Торецка"
 VICTORY_POINTS_18580_Dzerzhinsk: "Юг Дзержинска"
 VICTORY_POINTS_18693: "Новосёловка"
 VICTORY_POINTS_18692: "Новобахмутовка"
 VICTORY_POINTS_18579: "Зализное"
 VICTORY_POINTS_18579_Artemovo: "Артёмово"
 VICTORY_POINTS_18691: "Каменка"
 VICTORY_POINTS_18796: "Северное"
 VICTORY_POINTS_18797: "Ласточкино"
 VICTORY_POINTS_18798: "Петровское"
 VICTORY_POINTS_18799: "Красногоровка"
 VICTORY_POINTS_18800: "Весёлое"
 VICTORY_POINTS_18801: "Каменка"
 VICTORY_POINTS_18802: "Васильевка"
 VICTORY_POINTS_18803: "Тоненькое"
 VICTORY_POINTS_18578: "Щербиновка"
 VICTORY_POINTS_2510: "Золотой Колодец"
 VICTORY_POINTS_18507: "Пески"
 VICTORY_POINTS_18550: "Селидово"
 VICTORY_POINTS_18551: "Новогродовка"
 VICTORY_POINTS_18690: "Мирноград"
 VICTORY_POINTS_18690_Dimitrov: "Димитров"
 VICTORY_POINTS_18552: "Светлое"
 VICTORY_POINTS_18554: "Покровск"
 VICTORY_POINTS_18554_Krasnoarmeysk: "Красноармейск"
 VICTORY_POINTS_18553: "Север Покровска"
 VICTORY_POINTS_18553_Krasnoarmeysk: "Север Красноармейска"
 VICTORY_POINTS_18555: "Юг Покровска"
 VICTORY_POINTS_18555_Krasnoarmeysk: "Юг Красноармейска"
 VICTORY_POINTS_18556: "Зверево"
 VICTORY_POINTS_18557: "Новопавловка"
 VICTORY_POINTS_10441: "Лысовка"
 VICTORY_POINTS_18560: "Родинское"
 VICTORY_POINTS_50: "Сонцовка"
 VICTORY_POINTS_2326: "Удачное"
 VICTORY_POINTS_15768: "Сергеевка"
 VICTORY_POINTS_18576: "Нью-Йорк"
 VICTORY_POINTS_18542: "Курахово"
 VICTORY_POINTS_18545: "Берестки"
 VICTORY_POINTS_18543: "Острое"
 VICTORY_POINTS_18538: "Максимильяновка"
 #Краматорск
 VICTORY_POINTS_11084: "Новосёловка"
 VICTORY_POINTS_8149: "Лиман"
 VICTORY_POINTS_8149_Krasniy: "Красный Лиман"
 VICTORY_POINTS_4086: "Заречное"
 VICTORY_POINTS_4086_Kirovsk: "Кировск"
 VICTORY_POINTS_18135: "Диброва"
 VICTORY_POINTS_6512: "Ямполь"
 VICTORY_POINTS_7763: "Торское"
 VICTORY_POINTS_18695: "Николаевка"
 VICTORY_POINTS_18695: "Ступочки"
 VICTORY_POINTS_18632: "Предтечино"
 VICTORY_POINTS_18636: "Новодмитровка"
 VICTORY_POINTS_18137: "Дробышево"
 VICTORY_POINTS_2451: "Святогорск"
 VICTORY_POINTS_2451_Slavyanogorsk: "Славяногорск"
 VICTORY_POINTS_18585: "Иванополье"
 VICTORY_POINTS_15585: "Карповка"
 VICTORY_POINTS_18599: "Север Славянска"
 VICTORY_POINTS_18600: "Райгородок"
 VICTORY_POINTS_18598: "Славянск"
 VICTORY_POINTS_18597: "Восток Славянска"
 VICTORY_POINTS_18161: "Беленькое"
 VICTORY_POINTS_11011: "Восток Краматорска"
 VICTORY_POINTS_18162: "Ясногорка"
 VICTORY_POINTS_18594: "Краматорск"
 VICTORY_POINTS_18697: "Юго-запад Краматорска"
 VICTORY_POINTS_18593: "Юго-восток Краматорска"
 VICTORY_POINTS_18595: "Былбасовка"
 VICTORY_POINTS_18596: "Черкасское"
 VICTORY_POINTS_18688: "Приволье"
 VICTORY_POINTS_12679: "Высокополье"
 VICTORY_POINTS_18586: "Константиновка"
 VICTORY_POINTS_18587: "Восток Константиновки"
 VICTORY_POINTS_18588: "Алексеево-Дружковка"
 VICTORY_POINTS_18591: "Малотарановка"
 VICTORY_POINTS_18641: "Малиновка"
 VICTORY_POINTS_1353: "Новая Полтавка"
 VICTORY_POINTS_10414: "Русин Яр"
 VICTORY_POINTS_6171: "Райское"
 VICTORY_POINTS_9089: "Краснополье"
 VICTORY_POINTS_1650: "Сидорово"
 VICTORY_POINTS_6330: "Новодонецкое"
 VICTORY_POINTS_6208: "Шабельковка"
 VICTORY_POINTS_18601: "Николаевка"
 VICTORY_POINTS_12430: "Яблоновка"
 VICTORY_POINTS_15716: "Новая Балка"
 VICTORY_POINTS_18163: "Дружковское"
 VICTORY_POINTS_641: "Ореховатка"
 VICTORY_POINTS_15665: "Белокузьминовка"
 VICTORY_POINTS_2334: "Веролюбовка"
 VICTORY_POINTS_18589: "Дружковка"
 VICTORY_POINTS_18696: "Восток Дружковки"
 VICTORY_POINTS_12755: "Крестище" 
 VICTORY_POINTS_15737: "Доброполье"
 #Бахмут
 VICTORY_POINTS_15750: "Бахмут"
 VICTORY_POINTS_15750_ARTEM: "Артёмовск"
 VICTORY_POINTS_18616: "Район Забахмутка"
 VICTORY_POINTS_18652: "Николаевка"
 VICTORY_POINTS_18614: "Район Мясокомбинат"
 VICTORY_POINTS_18617: "Район Самолёт"
 VICTORY_POINTS_18619: "Район Собачевка"
 VICTORY_POINTS_15685: "Район Забольница"
 VICTORY_POINTS_6711: "Район Центр"
 VICTORY_POINTS_18294: "Соледар"
 VICTORY_POINTS_18609: "Юг Соледара"
 VICTORY_POINTS_18292: "Благодатное"
 VICTORY_POINTS_18613: "Покровское"
 VICTORY_POINTS_18612: "Бахмутское"
 VICTORY_POINTS_18620: "Клиновое"
 VICTORY_POINTS_18698: "Медная Руда"
 VICTORY_POINTS_18702: "Станция Соль"
 VICTORY_POINTS_18291: "Подгородное"
 VICTORY_POINTS_18305: "Хромово"
 VICTORY_POINTS_18305_ARTEM: "Артёмовское"
 VICTORY_POINTS_18646: "Запад Северска"
 VICTORY_POINTS_18647: "Северск"
 VICTORY_POINTS_18297: "Часов Яр"
 VICTORY_POINTS_18604: "Опытное"
 VICTORY_POINTS_18610: "Парасковиевка"
 VICTORY_POINTS_18611: "Красная Гора"
 VICTORY_POINTS_18628: "Клещеевка"
 VICTORY_POINTS_18750: "Иванград"
 VICTORY_POINTS_18749: "Дубово-Васильевка"
 VICTORY_POINTS_18629: "Ивановское"
 VICTORY_POINTS_18629_ARTEM: "Красное"
 VICTORY_POINTS_18640: "Берховка"
 VICTORY_POINTS_18615: "Район Ступки"
 VICTORY_POINTS_18603: "Зайцево"
 VICTORY_POINTS_18602: "Вершина"
 VICTORY_POINTS_18618: "Ягодное"
 VICTORY_POINTS_18315: "Яковлевка"
 VICTORY_POINTS_18608: "Новая Каменка"
 VICTORY_POINTS_18607: "Владимировка"
 VICTORY_POINTS_18622: "Пилипчатино"
 VICTORY_POINTS_18606: "Триполье"
 VICTORY_POINTS_18638: "Миньковка"
 VICTORY_POINTS_18637: "Орехово-Васильевка"
 VICTORY_POINTS_18300: "Светлодарск"
 VICTORY_POINTS_18293: "Мироновский"
 VICTORY_POINTS_18299: "Луганское"
 VICTORY_POINTS_18311: "Новолуганское"
 VICTORY_POINTS_18301: "Дроновка"
 VICTORY_POINTS_18655: "Верхнекаменское"
 VICTORY_POINTS_18302: "Серебрянка"
 VICTORY_POINTS_18654: "Григоровка"
 VICTORY_POINTS_18701: "Звановка"
 VICTORY_POINTS_18649: "Федоровка"
 VICTORY_POINTS_18703: "Сакко и Ванцетти"
 VICTORY_POINTS_18139: "Васюковка"
 VICTORY_POINTS_15822: "Андреевка"
 VICTORY_POINTS_6577: "Отрадовка"
 VICTORY_POINTS_18310: "Курдюмовка"
 VICTORY_POINTS_18634: "Озаряновка"
 #Северодонецк
 VICTORY_POINTS_17648: "Лисичанск"
 VICTORY_POINTS_18653: "Белогоровка"
 VICTORY_POINTS_18660: "Шипиловка"
 VICTORY_POINTS_18659: "Приволье"
 VICTORY_POINTS_18658: "Новодружеск"
 VICTORY_POINTS_18605: "Попасная"
 VICTORY_POINTS_8899: "Устиновка"
 VICTORY_POINTS_17629: "Северодонецк"
 VICTORY_POINTS_18670: "Рубежное"
 VICTORY_POINTS_18663: "Александровка"
 VICTORY_POINTS_18662: "Вороново"
 VICTORY_POINTS_17222: "Боровское"
 VICTORY_POINTS_17765: "Сиротино"
 VICTORY_POINTS_17882: "Метёлкино"
 VICTORY_POINTS_17490: "Павлоград"
 VICTORY_POINTS_17656: "Предприятие «Азот»"
 VICTORY_POINTS_8144: "Воеводовка"
 VICTORY_POINTS_18665: "Житловка"
 VICTORY_POINTS_15526: "Диброва"
 VICTORY_POINTS_18661: "Синецкий"
 VICTORY_POINTS_18144: "Кременная"
 VICTORY_POINTS_18671: "Восток Кременной"
 VICTORY_POINTS_2605: "Горское"
 VICTORY_POINTS_15717: "Троицкое"
 VICTORY_POINTS_2530: "Новая Астрахань"
 VICTORY_POINTS_15643: "Нижнее"
 VICTORY_POINTS_12133: "Мирная Долина"
 VICTORY_POINTS_18656: "Верхнекаменка"
 VICTORY_POINTS_18657: "Волчеяровка"
 VICTORY_POINTS_15552: "Смоляниново"
 VICTORY_POINTS_9095: "Варваровка"
 VICTORY_POINTS_17136: "Белая Гора"
 VICTORY_POINTS_17496: "Лисичанский"
 VICTORY_POINTS_17335: "Квартал Пролетарск"
 VICTORY_POINTS_17496: "Малорязанцево"
 #Cчастье
 VICTORY_POINTS_18712: "Станица Луганская"
 VICTORY_POINTS_18713: "Макарово"
 VICTORY_POINTS_10800: "Тёплое"
 VICTORY_POINTS_8690: "Камышное"
 VICTORY_POINTS_18711: "Счастье"
 VICTORY_POINTS_11252: "Петропавловка"
 VICTORY_POINTS_6720: "Новоайдар"
 VICTORY_POINTS_8898: "Передельское"
 VICTORY_POINTS_3493: "Таловое"
 VICTORY_POINTS_10384: "Чугинка"
 VICTORY_POINTS_1938: "Красная Таловка"
 VICTORY_POINTS_15613: "Трехизбенка"
 VICTORY_POINTS_15618: "Герасимовка"
 VICTORY_POINTS_15545: "Денежниково"
 VICTORY_POINTS_3674: "Штормово"
 VICTORY_POINTS_18519: "Песчаное"
 VICTORY_POINTS_7066: "Окнино"
 VICTORY_POINTS_7350: "Колядовка"
 VICTORY_POINTS_11807: "Широкий"
 VICTORY_POINTS_15622: "Степовое"
 VICTORY_POINTS_15533: "Волкодаево"
 #Старобельск
 VICTORY_POINTS_18707: "Запад Старобельска"
 VICTORY_POINTS_4989: "Новобелая"
 VICTORY_POINTS_5208: "Белолуцк"
 VICTORY_POINTS_15306: "Константиновка"
 VICTORY_POINTS_634: "Новопсков"
 VICTORY_POINTS_1374: "Шульгинка"
 VICTORY_POINTS_4928: "Раздольное"
 VICTORY_POINTS_6368: "Евсуг"
 VICTORY_POINTS_5961: "Беловодск"
 VICTORY_POINTS_1559: "Бараниковка"
 VICTORY_POINTS_12569: "Марковка"
 VICTORY_POINTS_4487: "Зориковка"
 #Сватово
 VICTORY_POINTS_12389: "Лозно-Александровка"
 VICTORY_POINTS_15200: "Демино-Александровка"
 VICTORY_POINTS_701: "Троицкое"
 VICTORY_POINTS_12634: "Нижняя Дуванка"
 VICTORY_POINTS_1850: "Сватово"
 VICTORY_POINTS_3578: "Гончаровка"
 VICTORY_POINTS_3792: "Краснореченское"
 VICTORY_POINTS_9646: "Солидарное"
 #Восточная Украина
 #Боровая
 VICTORY_POINTS_8884: "Высшее Соленое"
 #Изюм
 VICTORY_POINTS_2695: "Барвенково"
 VICTORY_POINTS_15596: "Гавриловка"
 VICTORY_POINTS_15576: "Вернополье"
 VICTORY_POINTS_9001: "Великая Камышеваха"
 VICTORY_POINTS_6760: "Малая Камышеваха"
 VICTORY_POINTS_2637: "Оскол"
 VICTORY_POINTS_18286: "Изюм"
 VICTORY_POINTS_18287: "Восток Изюма"
 VICTORY_POINTS_18288: "Юг Изюма"
 VICTORY_POINTS_18289: "Капитоловка"
 VICTORY_POINTS_15533: "Студенок"
 VICTORY_POINTS_4912: "Левковка"
 VICTORY_POINTS_5314: "Петровское"
 VICTORY_POINTS_6633: "Липчановка"
 VICTORY_POINTS_12628: "Гороховатка"
 VICTORY_POINTS_11433: "Савинцы"
 VICTORY_POINTS_2089: "Балаклея"
 #Купянск
 VICTORY_POINTS_15134: "Великий Бурлук"
 VICTORY_POINTS_6836: "Колодезная"
 VICTORY_POINTS_18745: "Двуречная"
 VICTORY_POINTS_18746: "Масютовка"
 VICTORY_POINTS_18747: "Гриняковка"
 VICTORY_POINTS_18748: "Таволжанка"
 VICTORY_POINTS_7917: "Ольшана"
 VICTORY_POINTS_11903: "Петропавловка"
 VICTORY_POINTS_18285: "Подолы"
 VICTORY_POINTS_15338: "Грушевка"
 VICTORY_POINTS_8443: "Шевченково"
 VICTORY_POINTS_18283: "Запад Купянска"
 VICTORY_POINTS_15331: "Восток Купянска"
 VICTORY_POINTS_18282: "Купянск-Узловой"
 #Чугуев
 VICTORY_POINTS_698: "Слобожанское"
 VICTORY_POINTS_12749: "Зидьки"
 VICTORY_POINTS_6163: "Змиев"
 VICTORY_POINTS_15256: "Гусиная Поляна"
 VICTORY_POINTS_18273: "Боровая"
 VICTORY_POINTS_18375: "Терновая"
 VICTORY_POINTS_11087: "Васищево"
 VICTORY_POINTS_18378: "Чугуев"
 VICTORY_POINTS_10186: "Печенеги"
 VICTORY_POINTS_4794: "Старый Салтов"
 VICTORY_POINTS_7789: "Хотомля"
 VICTORY_POINTS_7885: "Чкаловское"
 VICTORY_POINTS_12643: "Терновая"
 VICTORY_POINTS_7702: "Волчанск"
 VICTORY_POINTS_1534: "Варваровка"
 VICTORY_POINTS_15120: "Белый Колодезь"
 #Лозовая
 VICTORY_POINTS_15450: "Лозовая"
 VICTORY_POINTS_14739: "Лозовая"
 VICTORY_POINTS_5571: "Первомайский"
 #Красноград
 VICTORY_POINTS_6890: "Новая Водолага"
 VICTORY_POINTS_9431: "Красноград"
 VICTORY_POINTS_6821: "Сахновщина"
 #Павлоград
 VICTORY_POINTS_18787: "Север Павлограда"
 VICTORY_POINTS_18791: "Запад Павлограда"
 VICTORY_POINTS_18793: "Терновка"
 #Синельниково
 VICTORY_POINTS_18805: "Новогнедовое"
 VICTORY_POINTS_8609: "Покровское"
 VICTORY_POINTS_2819: "Васильковка"
 VICTORY_POINTS_7453: "Першотравенск"
 VICTORY_POINTS_11960: "Межевая"
 #Новомосковск
 VICTORY_POINTS_10387: "Новомосковск"
 VICTORY_POINTS_3855: "Губиниха"
 VICTORY_POINTS_8678: "Новомосковск"
 VICTORY_POINTS_11703: "Перещепино"
 #Богодухов
 VICTORY_POINTS_4687: "Уды"
 VICTORY_POINTS_5738: "Александровка"
 VICTORY_POINTS_9648: "Золочев"
 VICTORY_POINTS_18280: "Ольшаны"
 VICTORY_POINTS_15199: "Огульцы"
 #Харьков
 VICTORY_POINTS_18365: "Мерефа"
 VICTORY_POINTS_18363: "Высокий"
 VICTORY_POINTS_18366: "Люботин"
 VICTORY_POINTS_18367: "Санжары"
 VICTORY_POINTS_18361: "Безлюдовка"
 VICTORY_POINTS_18362: "Хорошево"
 VICTORY_POINTS_18364: "Песочин"
 VICTORY_POINTS_18269: "Солоницевка"
 VICTORY_POINTS_18279: "Пересечное"
 VICTORY_POINTS_18358: "Ольховка"
 VICTORY_POINTS_18359: "Малая Рогань"
 VICTORY_POINTS_18360: "Рогань"
 VICTORY_POINTS_18352: "Бобровка"
 VICTORY_POINTS_18281: "Малая Даниловка"
 VICTORY_POINTS_18277: "Дементиевка"
 VICTORY_POINTS_18384: "Питомник"
 VICTORY_POINTS_18354: "Малые Проходы"
 VICTORY_POINTS_18383: "Северная Салтовка"
 VICTORY_POINTS_18275: "Индустриальный район"
 VICTORY_POINTS_7929: "Элитное"
 VICTORY_POINTS_9189: "Лесное"
 VICTORY_POINTS_9189_SALTOV: "Киевско-Салтовский район"
 VICTORY_POINTS_18383_SALTOV: "Салтовский район"
 VICTORY_POINTS_18270: "Лужок"
 VICTORY_POINTS_18271: "Ржавец"
 VICTORY_POINTS_2368: "Слободской район"
 VICTORY_POINTS_18369: "Безруки"
 VICTORY_POINTS_18370: "Слатино"
 VICTORY_POINTS_18371: "Прудянка"
 VICTORY_POINTS_18372: "Цуповка"
 VICTORY_POINTS_18368: "Дергачи"
 VICTORY_POINTS_18355: "Слобожанское"
 VICTORY_POINTS_18356: "Глубокое"
 VICTORY_POINTS_18357: "Стрелечья"
 VICTORY_POINTS_18340: "Казачья Лопань"
 VICTORY_POINTS_12081: "Харьков"
 VICTORY_POINTS_10921: "Немышлянский район"
 VICTORY_POINTS_12188: "Салтовский район"
 VICTORY_POINTS_15066: "Киевский район"
 VICTORY_POINTS_2604: "Шевченковский район"
 VICTORY_POINTS_4128: "Холодногорский район"
 VICTORY_POINTS_7455: "Новобаварский район"
 VICTORY_POINTS_18835: "Циркуны"
 VICTORY_POINTS_18836: "Русские Тишки"
 VICTORY_POINTS_18376: "Новопокровка"
 VICTORY_POINTS_9189: "Русская Лозовая"
 VICTORY_POINTS_10912: "Немышлянский район"
 VICTORY_POINTS_15111: "Харьковский аэропорт"
 #Северо-Восточная Украина
 #Полтава
 VICTORY_POINTS_15365: "Копылы"
 VICTORY_POINTS_15313: "Терентиевка"
 VICTORY_POINTS_7937: "Тахтаулово"
 VICTORY_POINTS_3716: "Решетиловка"
 VICTORY_POINTS_4023: "Карловка"
 VICTORY_POINTS_8045: "Машевка"
 VICTORY_POINTS_5829: "Кобеляки"
 VICTORY_POINTS_3744: "Светлогорское"
 VICTORY_POINTS_15570: "Озера"
 VICTORY_POINTS_11058: "Белики"
 VICTORY_POINTS_6950: "Новые Санжары"
 #Ахтырка
 VICTORY_POINTS_10503: "Тростянец"
 VICTORY_POINTS_3932: "Гребениковка"
 VICTORY_POINTS_10309: "Великая Писаревка"
 VICTORY_POINTS_3317: "Кириковка"
 VICTORY_POINTS_3003: "Ахтырка"
 VICTORY_POINTS_10613: "Куземин"
 VICTORY_POINTS_2602: "Грунь"
 #Кременчуг
 VICTORY_POINTS_15515: "Кременчуг"
 VICTORY_POINTS_15539: "Кахновка"
 VICTORY_POINTS_15508: "Кияшки"
 VICTORY_POINTS_6002: "Власовка"
 VICTORY_POINTS_15492: "Градижск"
 VICTORY_POINTS_1277: "Пришиб"
 VICTORY_POINTS_3121: "Омельник"
 VICTORY_POINTS_1209: "Хоришки"
 VICTORY_POINTS_8012: "Шевченково"
 VICTORY_POINTS_723: "Липовое"
 VICTORY_POINTS_1432: "Глобино"
 #Миргород
 VICTORY_POINTS_1962: "Миргород"
 #Лубны
 VICTORY_POINTS_4877: "Лубны"
 #Сумы
 VICTORY_POINTS_18264: "Заречный район"
 VICTORY_POINTS_18267: "Север Заречного района"
 VICTORY_POINTS_18266: "Ковпаковский район"
 VICTORY_POINTS_18265: "Юг Ковпаковского района"
 VICTORY_POINTS_9745: "Степановка"
 VICTORY_POINTS_14868: "Сад"
 VICTORY_POINTS_9302: "Верхняя Сыроватка"
 VICTORY_POINTS_11872: "Нижняя Сыроватка"
 VICTORY_POINTS_14866: "Краснополье"
 VICTORY_POINTS_7754: "Юнаковка"
 VICTORY_POINTS_14774: "Речки"
 VICTORY_POINTS_14958: "Лебедин"
 VICTORY_POINTS_1241: "Московский Бобрик"
 VICTORY_POINTS_4514: "Хотень"
 VICTORY_POINTS_10618: "Великая Чернетчина"
 VICTORY_POINTS_14893: "Самотоевка"
 VICTORY_POINTS_5534: "Угроеды"
 VICTORY_POINTS_8904: "Мирнополье"
 VICTORY_POINTS_14971: "Мезеновка"
 VICTORY_POINTS_14835: "Николаевка"
 VICTORY_POINTS_14778: "Ульяновка"
 VICTORY_POINTS_12754: "Ворожба"
 VICTORY_POINTS_707: "Белополье"
 VICTORY_POINTS_7828: "Сумы"
 #Ромны
 VICTORY_POINTS_4005: "Ромны"
 VICTORY_POINTS_5670: "Коровинцы"
 VICTORY_POINTS_14847: "Недригайлов"
 VICTORY_POINTS_1732: "Липовая Долина"
 VICTORY_POINTS_12375: "Терны"
 VICTORY_POINTS_10834: "Смелое"
 #Конотоп
 VICTORY_POINTS_14704: "Конотоп"
 VICTORY_POINTS_5044: "Кровелец"
 VICTORY_POINTS_3568: "Дубовязовка"
 VICTORY_POINTS_5466: "Путивль"
 VICTORY_POINTS_1679: "Бурынь"
 VICTORY_POINTS_8017: "Подлипное"
 VICTORY_POINTS_7205: "Дьяковка"
 VICTORY_POINTS_2775: "Бочечки"
 #Прилуки
 VICTORY_POINTS_6385: "Прилуки"
 VICTORY_POINTS_4418: "Ичня"
 VICTORY_POINTS_14824: "Ивангород"
 VICTORY_POINTS_4304: "Парафиевка"
 VICTORY_POINTS_7312: "Талалаевка"
 VICTORY_POINTS_6778: "Малая Девица"
 VICTORY_POINTS_14947: "Сребное"
 VICTORY_POINTS_14915: "Старая Талалаевка"
 VICTORY_POINTS_3213: "Берёзовка"
 VICTORY_POINTS_1433: "Линовица"
 VICTORY_POINTS_2534: "Дягтяри"
 VICTORY_POINTS_8651: "Варва"
 VICTORY_POINTS_15024: "Ладан"
 #Шостка
 VICTORY_POINTS_11390: "Шостка"
 VICTORY_POINTS_11763: "Воронеж"
 VICTORY_POINTS_666: "Знобь-Новгородское"
 VICTORY_POINTS_7498: "Середина-Буда"
 VICTORY_POINTS_8734: "Ямполь"
 VICTORY_POINTS_3709: "Дружба"
 VICTORY_POINTS_5730: "Свесса"
 VICTORY_POINTS_1046: "Шалыгино"
 VICTORY_POINTS_5519: "Глухов"
 VICTORY_POINTS_5411: "Эсмань"
 #Новгород-Северский
 VICTORY_POINTS_4709: "Семёновка"
 VICTORY_POINTS_4212: "Жадово"
 VICTORY_POINTS_4299: "Гремяч"
 VICTORY_POINTS_14436: "Новгород-Северский"
 VICTORY_POINTS_2063: "Шептаки"
 VICTORY_POINTS_552: "Короп"
 #Корюковка
 VICTORY_POINTS_14510: "Сновск"
 VICTORY_POINTS_49: "Корюковка"
 VICTORY_POINTS_5132: "Киселевка"
 VICTORY_POINTS_2923: "Мена"
 VICTORY_POINTS_1489: "Сосница"
 VICTORY_POINTS_9543: "Холмы"
 VICTORY_POINTS_12413: "Хреновка"
 VICTORY_POINTS_546: "Наумовка"
 VICTORY_POINTS_7332: "Александровка"
 #Нежин
 VICTORY_POINTS_14804: "Нежин"
 VICTORY_POINTS_1477: "Червоные Партизаны"
 VICTORY_POINTS_1989: "Вертиевка"
 VICTORY_POINTS_14834: "Носовка"
 VICTORY_POINTS_10978: "Плоское"
 VICTORY_POINTS_12012: "Батурин"
 VICTORY_POINTS_3352: "Мрин"
 VICTORY_POINTS_12493: "Новая Басань"
 VICTORY_POINTS_5023: "Бобровица"
 VICTORY_POINTS_5464: "Старая Басань"
 VICTORY_POINTS_11405: "Лосиновка"
 VICTORY_POINTS_7200: "Бахмач"
 VICTORY_POINTS_4695: "Дмитровка"
 VICTORY_POINTS_1854: "Борзна"
 VICTORY_POINTS_14703: "Шаповаловка"
 VICTORY_POINTS_14692: "Оленовка"
 VICTORY_POINTS_10233: "Курень"
 VICTORY_POINTS_12181: "Лихачов"
 VICTORY_POINTS_500: "Дремайловка"
 #Чернигов
 VICTORY_POINTS_2279: "Чернигов"
 VICTORY_POINTS_18263: "Деснянский район"
 VICTORY_POINTS_18262: "Новозаводской район"
 VICTORY_POINTS_14667: "Ивановка"
 VICTORY_POINTS_15180: "Триполье"
 VICTORY_POINTS_4430: "Хоробичи"
 VICTORY_POINTS_14478: "Городня"
 VICTORY_POINTS_7031: "Репки"
 VICTORY_POINTS_6877: "Славутич"
 VICTORY_POINTS_4823: "Ведильцы"
 VICTORY_POINTS_9836: "Петруши"
 VICTORY_POINTS_10740: "Любеч"
 VICTORY_POINTS_11426: "Михайло-Коцюбинское"
 VICTORY_POINTS_2821: "Десна"
 VICTORY_POINTS_14770: "Жуковщина"
 VICTORY_POINTS_14808: "Остёр"
 VICTORY_POINTS_11275: "Козелец"
 VICTORY_POINTS_9428: "Березна"
 VICTORY_POINTS_1367: "Куликовка"
 VICTORY_POINTS_3096: "Жуковка"
 VICTORY_POINTS_11850: "Вересочь"
 VICTORY_POINTS_2341: "Чемер"
 #Центральная Украина
 #Золотоноша
 VICTORY_POINTS_15281: "Песчаное"
 VICTORY_POINTS_11079: "Гельмязов"
 VICTORY_POINTS_15221: "Драбов"
 VICTORY_POINTS_11577: "Чернобай"
 VICTORY_POINTS_549: "Великая Буренка"
 #Лепляево
 VICTORY_POINTS_15245: "Лепляво"
 VICTORY_POINTS_1263: "Прохоровка"
 #Борисполь
 VICTORY_POINTS_4646: "Переяслав"
 VICTORY_POINTS_4528: "Яготин"
 VICTORY_POINTS_15088: "Вороньков"
 VICTORY_POINTS_9148: "Девички"
 VICTORY_POINTS_1086: "Вишенки"
 VICTORY_POINTS_15144: "Студеники"
 VICTORY_POINTS_2322: "Ташань"
 VICTORY_POINTS_12508: "Цибли"
 VICTORY_POINTS_3727: "Пристромы"
 VICTORY_POINTS_183: "Иванков"
 VICTORY_POINTS_12118: "Великая Старица"
 VICTORY_POINTS_3617: "Ерковцы"
 VICTORY_POINTS_6209: "Кайлов"
 VICTORY_POINTS_2273: "Горобиевка"
 VICTORY_POINTS_15606: "Счастливое"
 VICTORY_POINTS_7579: "Международный аэропорт Борисполь"
 VICTORY_POINTS_15532: "Ревное"
 VICTORY_POINTS_15595: "Процев"
 #Бровары
 VICTORY_POINTS_5870: "Бровары"
 VICTORY_POINTS_18204: "Великая Дымерка"
 VICTORY_POINTS_14974: "Зазимье"
 VICTORY_POINTS_7368: "Барышевка"
 VICTORY_POINTS_6878: "Березань"
 VICTORY_POINTS_14979: "Перемога"
 VICTORY_POINTS_1824: "Гоголев"
 VICTORY_POINTS_398: "Семиполки"
 VICTORY_POINTS_218: "Летки"
 VICTORY_POINTS_2317: "Згуровка"
 VICTORY_POINTS_8512: "Лизогубова Слобода"
 VICTORY_POINTS_18206: "Княжичи"
 #Левый берег Вишгородкого района
 VICTORY_POINTS_1968: "Хотяновка"
 VICTORY_POINTS_11706: "Жукин"
 #Черкасы
 VICTORY_POINTS_12599: "Канев"
 VICTORY_POINTS_10551: "Степанцы"
 VICTORY_POINTS_8067: "Чигирина"
 VICTORY_POINTS_15486: "Стецовка"
 VICTORY_POINTS_15469: "Тиньки"
 VICTORY_POINTS_129: "Сагуновка"
 VICTORY_POINTS_8665: "Белозорье"
 VICTORY_POINTS_6974: "Смела"
 VICTORY_POINTS_11201: "Каменка"
 VICTORY_POINTS_12355: "Городище"
 VICTORY_POINTS_15404: "Корсунь-Шевченковский"
 VICTORY_POINTS_485: "Межирич"
 #Зевингородка
 VICTORY_POINTS_8429: "Звеингородка"
 VICTORY_POINTS_8890: "Ватутино"
 VICTORY_POINTS_15882: "Тальное"
 VICTORY_POINTS_15564: "Шпола"
 VICTORY_POINTS_1473: "Мокрая Калигорка"
 #Умань
 VICTORY_POINTS_15663: "Умань"
 VICTORY_POINTS_269: "Жашков"
 VICTORY_POINTS_11171: "Маньковка"
 VICTORY_POINTS_12399: "Дмитрушки"
 VICTORY_POINTS_6018: "Буки"
 VICTORY_POINTS_3266: "Христиновка"
 #Белая Церковь
 VICTORY_POINTS_5270: "Сквира"
 VICTORY_POINTS_10112: "Тараща"
 VICTORY_POINTS_15418: "Тетиев"
 VICTORY_POINTS_15247: "Узин"
 VICTORY_POINTS_8061: "Ракитное"
 VICTORY_POINTS_10017: "Гребёнки"
 VICTORY_POINTS_10725: "Ставище"
 VICTORY_POINTS_5659: "Ковалёвка"
 VICTORY_POINTS_15324: "Малая Ольшанка"
 VICTORY_POINTS_9855: "Медвин"
 VICTORY_POINTS_8187: "Фурсы"
 VICTORY_POINTS_15411: "Пятигоры"
 VICTORY_POINTS_10754: "Стрижавка"
 VICTORY_POINTS_3736: "Ксаверовка"
 #Обухов
 VICTORY_POINTS_8284: "Новые Безрадичи"
 VICTORY_POINTS_10806: "Богуслав"
 VICTORY_POINTS_15179: "Червоное Поле"
 VICTORY_POINTS_15129: "Васильков"
 VICTORY_POINTS_12245: "Украинка"
 VICTORY_POINTS_15259: "Кагарлык"
 VICTORY_POINTS_1336: "Ржищев"
 VICTORY_POINTS_15333: "Мироновка"
 VICTORY_POINTS_7045: "Подгорцы"
 VICTORY_POINTS_7490: "Красная Слободка"
 VICTORY_POINTS_15193: "Красное Первое"
 VICTORY_POINTS_15180: "Триполье"
 VICTORY_POINTS_2154: "Глеваха"
 VICTORY_POINTS_15639: "Ходосовка"
 VICTORY_POINTS_15742: "Обухов"
 VICTORY_POINTS_11999: "Тростинка"
 VICTORY_POINTS_5871: "Барахты"
 VICTORY_POINTS_10084: "Малая Ольшанка"
 VICTORY_POINTS_4738: "Погребы"
 VICTORY_POINTS_9051: "Калиновка"
 VICTORY_POINTS_8252: "Козин"
 VICTORY_POINTS_15798: "Лесники"
 VICTORY_POINTS_8456: "Мытница"
 #Фастов
 VICTORY_POINTS_10640: "Фастов"
 VICTORY_POINTS_15101: "Плесецкое"
 VICTORY_POINTS_5889: "Марьяновка"
 VICTORY_POINTS_5: "Бышев"
 VICTORY_POINTS_7904: "Кожанка"
 VICTORY_POINTS_1688: "Трилесы"
 VICTORY_POINTS_15213: "Малополовецкое"
 VICTORY_POINTS_4987: "Боярка"
 VICTORY_POINTS_5581: "Крюковщина"
 VICTORY_POINTS_15735: "Тарасовка"
 VICTORY_POINTS_7577: "Боровая"
 VICTORY_POINTS_9481: "Мотовиловка"
 VICTORY_POINTS_11429: "Заборье"
 VICTORY_POINTS_6666: "Бобрица"
 VICTORY_POINTS_4660: "Жорновка"
 VICTORY_POINTS_554: "Яблоновка"
 #Вышгород
 VICTORY_POINTS_9588: "Любимовка"
 VICTORY_POINTS_14830: "Иванков"
 VICTORY_POINTS_11523: "Красятичи"
 VICTORY_POINTS_15949: "Вышгород"
 VICTORY_POINTS_14935: "Мощун"
 VICTORY_POINTS_12530: "Новые Петровцы"
 VICTORY_POINTS_3018: "Лютеж"
 VICTORY_POINTS_4102: "Гута-Межигорская"
 VICTORY_POINTS_15406: "Козаровичи"
 VICTORY_POINTS_15505: "Демидов"
 VICTORY_POINTS_6255: "Дымер"
 VICTORY_POINTS_14865: "Ясногородка"
 VICTORY_POINTS_2379: "Розважев"
 VICTORY_POINTS_3497: "Дитятки"
 VICTORY_POINTS_14713: "Рачовка"
 #Буча 
 VICTORY_POINTS_18131: "Ирпень"
 VICTORY_POINTS_18128: "Гостомельский аэропорт"
 VICTORY_POINTS_3931: "Гостомель"
 VICTORY_POINTS_9624: "Гавриловка"
 VICTORY_POINTS_18130: "Буча"
 VICTORY_POINTS_14944: "Бородянка"
 VICTORY_POINTS_14980: "Макаров"
 VICTORY_POINTS_1399: "Калиновка"
 VICTORY_POINTS_4334: "Великий Карашин"
 VICTORY_POINTS_18217: "Коцюбинское"
 VICTORY_POINTS_15047: "Белогородка"
 VICTORY_POINTS_12562: "Мила"
 VICTORY_POINTS_5743: "Вишневое"
 VICTORY_POINTS_5593: "Ворзель"
 VICTORY_POINTS_15081: "Фасова"
 #Зона отчуждения Чернобыльской АЭС
 VICTORY_POINTS_1719: "Чернобыль"
 VICTORY_POINTS_14666: "Припять"
 #Киев
 VICTORY_POINTS_5220: "Киев"
 VICTORY_POINTS_7207: "Святошинский район"
 VICTORY_POINTS_18218: "Оболонский район"
 VICTORY_POINTS_15078: "Голосеевский район"
 VICTORY_POINTS_18219: "Подольский район"
 VICTORY_POINTS_18216: "Шевченковский район"
 VICTORY_POINTS_18215: "Соломенский район"
 VICTORY_POINTS_18214: "Печерский район"
 #Левый берег Киева
 VICTORY_POINTS_18211: "Деснянский район"
 VICTORY_POINTS_18209: "Дарницкий район"
 VICTORY_POINTS_8637: "Днепровский район"
 VICTORY_POINTS_7547: "Осещина"
 #Буджак
 #Белгород-Днестровский
 VICTORY_POINTS_16558: "Белгород-Днестровский"
 VICTORY_POINTS_2906: "Выпасное"
 VICTORY_POINTS_5647: "Затока"
 VICTORY_POINTS_12193: "Сарата"
 VICTORY_POINTS_2568: "Татарбунары"
 VICTORY_POINTS_8639: "Арциз"
 VICTORY_POINTS_4199: "Западный округ"
 #Болград
 VICTORY_POINTS_9843: "Тарутино"
 VICTORY_POINTS_934: "Фараоновка" 
 VICTORY_POINTS_16659: "Кирнички"
 VICTORY_POINTS_7760: "Болград"
 #Измаил
 VICTORY_POINTS_16763: "Приморское"
 VICTORY_POINTS_7799: "Вилково"
 VICTORY_POINTS_9963: "Килия"
 VICTORY_POINTS_3338: "Измаил"
 #Рени
 VICTORY_POINTS_16756: "Рени"
 #Южная Украина
 #Херсон
 VICTORY_POINTS_10681: "Херсон"
 VICTORY_POINTS_18408: "Антоновка"
 VICTORY_POINTS_18407: "Днепровский район"
 VICTORY_POINTS_18404: "Степановка"
 VICTORY_POINTS_18405: "Камышаны"
 VICTORY_POINTS_18410: "Велетенское"
 VICTORY_POINTS_12796: "Музыковка"
 VICTORY_POINTS_18409: "Белозерка"
 VICTORY_POINTS_9246: "Томина Балка"
 VICTORY_POINTS_16433: "Станислав"
 VICTORY_POINTS_11779: "Дарьевка"
 VICTORY_POINTS_5532: "Правдино"
 VICTORY_POINTS_6752: "Корабел"
 VICTORY_POINTS_8233: "Суворовский район"
 VICTORY_POINTS_16280: "Таврический район"
 VICTORY_POINTS_16291: "Чернобаевка"
 VICTORY_POINTS_1275: "Садовое"
 VICTORY_POINTS_8103: "Киселевка"
 VICTORY_POINTS_9098: "Александровка"
 VICTORY_POINTS_9544: "Херсонский аэропорт"
 #Берислав
 VICTORY_POINTS_18400: "Берислав"
 VICTORY_POINTS_18399: "Казацкое"
 VICTORY_POINTS_8050: "Дудчаны"
 VICTORY_POINTS_10104: "Высокополье"
 VICTORY_POINTS_6619: "Архангельское"
 VICTORY_POINTS_3956: "Великая Александровка"
 VICTORY_POINTS_16251: "Брускинське"
 VICTORY_POINTS_11071: "Зеленодольск"
 VICTORY_POINTS_1337: "Давыдов Брод"
 VICTORY_POINTS_4894: "Ингулец"
 VICTORY_POINTS_7940: "Никольское"
 VICTORY_POINTS_7089: "Бобровый Кут"
 VICTORY_POINTS_16203: "Бургунка"
 VICTORY_POINTS_80: "Золотая Балка"
 VICTORY_POINTS_16143: "Шевченковка"
 VICTORY_POINTS_8350: "Тягинка"
 #Баштанка
 VICTORY_POINTS_3450: "Баштанка"
 VICTORY_POINTS_3759: "Баратовка"
 VICTORY_POINTS_6708: "Новый Буг"
 VICTORY_POINTS_6070: "Березнеговатое"
 VICTORY_POINTS_11855: "Снигирёвка"
 VICTORY_POINTS_9637: "Максимовка"
 VICTORY_POINTS_5910: "Благодатное"
 #Николаев
 VICTORY_POINTS_10276: "Новая Одесса"
 VICTORY_POINTS_16267: "Новониколаевка"
 VICTORY_POINTS_16328: "Березанка"
 VICTORY_POINTS_16319: "Посад-Покровское"
 VICTORY_POINTS_18812: "Очаков"
 VICTORY_POINTS_18784: "Портовый район"
 VICTORY_POINTS_18781: "Заводской район"
 VICTORY_POINTS_18782: "Центральный район"
 VICTORY_POINTS_18780: "Варваровка"
 VICTORY_POINTS_18779: "Великая Корениха"
 VICTORY_POINTS_1871: "Таврийское"
 VICTORY_POINTS_7942: "Терновые Поды"
 #Одесса
 VICTORY_POINTS_757_HADZHIBEYSKIY: "Хаджибейский район"
 VICTORY_POINTS_16459_PERESYPSKY: "Пересипский район"
 VICTORY_POINTS_16495: "Одесса"
 VICTORY_POINTS_10356: "Котовка"
 VICTORY_POINTS_2759: "Иличанка"
 VICTORY_POINTS_16375: "Першотравневое"
 VICTORY_POINTS_16342: "Любополь"
 VICTORY_POINTS_11599: "Выгода"
 VICTORY_POINTS_2796: "Южное"
 VICTORY_POINTS_1789: "Доброслав"
 VICTORY_POINTS_1789_Comintern: "Коминтерновское"
 VICTORY_POINTS_16434: "Фонтанка"
 VICTORY_POINTS_16420: "Дачное"
 VICTORY_POINTS_16508: "Великодолинское"
 VICTORY_POINTS_757: "Малиновский район"
 VICTORY_POINTS_16459: "Суворовский район"
 VICTORY_POINTS_321: "Черноморск"
 VICTORY_POINTS_321_Ilyichevsk: "Ильичёвск"
 VICTORY_POINTS_8669: "Овидиополь"
 VICTORY_POINTS_2446: "Беляевка"
 VICTORY_POINTS_6: "Троицкое"
 VICTORY_POINTS_1631: "Граденицы"
 VICTORY_POINTS_6724: "Лиманское"
 #Национальный природный парк Ныжноднистровский 16506
 VICTORY_POINTS_16506: "Национальный природный парк Ныжноднистровский"
 #Роздильна
 VICTORY_POINTS_832: "Еремеевка"
 VICTORY_POINTS_16307: "Раздельная"
 VICTORY_POINTS_9402: "Великая Михайловка"
 VICTORY_POINTS_16213: "Захарьевка"
 VICTORY_POINTS_16213_Frunzovka: "Фрунзовка"
 VICTORY_POINTS_4549: "Окны"
 VICTORY_POINTS_4549_Krasniy: "Красные Окны"
 #Березовка
 VICTORY_POINTS_923: "Березовка"
 #Вознесенск
 VICTORY_POINTS_1908: "Вознесенск"
 VICTORY_POINTS_16077: "Александровка"
 VICTORY_POINTS_8993: "Южноукраинск"
 VICTORY_POINTS_15997: "Врадеевка"
 #Первомайский
 VICTORY_POINTS_6015: "Катеринка"
 VICTORY_POINTS_6075: "Арбузинка"
 VICTORY_POINTS_15958: "Ивановка"
 VICTORY_POINTS_15894: "Помошная"
 VICTORY_POINTS_8364: "Кривое Озеро"
 #Подольск
 VICTORY_POINTS_2348: "Подольск"
 VICTORY_POINTS_2348_Kotovsk: "Котовск"
 VICTORY_POINTS_5275: "Балта"
 VICTORY_POINTS_6580: "Топалы"
 VICTORY_POINTS_16121: "Чёрная"
 VICTORY_POINTS_9698: "Вестерничаны"
 VICTORY_POINTS_16052: "Ананьев"
 VICTORY_POINTS_9638: "Кодыма"
 VICTORY_POINTS_15993: "Любашевка"
 #Голованевск
 VICTORY_POINTS_112: "Голованевск"
 VICTORY_POINTS_5425: "Побугское"
 #Новоукраинка
 VICTORY_POINTS_10988: "Новоукраинка"
 #Кропивницкий
 VICTORY_POINTS_120: "Кропивницкий"
 #Александрия
 VICTORY_POINTS_10708: "Александрия" 
 VICTORY_POINTS_18290: "Шаровка"
 VICTORY_POINTS_577: "Новая Прага"
 VICTORY_POINTS_5859: "Новый Стародуб"
 VICTORY_POINTS_5419: "Светловодск"
 VICTORY_POINTS_8424: "Подорожное"
 VICTORY_POINTS_15583: "Золотаревка"
 VICTORY_POINTS_15598: "Великая Скелевая"
 VICTORY_POINTS_12651: "Лекаревка"
 VICTORY_POINTS_2281: "Червоная Каменка"
 VICTORY_POINTS_10478: "Попельнастое"
 VICTORY_POINTS_6849: "Дериевка"
 VICTORY_POINTS_10719: "Куцеволовка"
 VICTORY_POINTS_12529: "Петрово"
 VICTORY_POINTS_11346: "Жёлтое"
 #Каменные Потоки
 VICTORY_POINTS_11949: "Левый берег Кременчуга"
 #Каменское
 VICTORY_POINTS_15740: "Николаевка"
 VICTORY_POINTS_11192: "Каменское"
 VICTORY_POINTS_11192_Dneprodzerzhinsk: "Днепродзержинск"
 VICTORY_POINTS_15649: "Верхнеднепровск"
 VICTORY_POINTS_5690: "Кринички"
 VICTORY_POINTS_9359: "Долинское"
 VICTORY_POINTS_11636: "Вольногорск"
 VICTORY_POINTS_8510: "Божедаровка"
 VICTORY_POINTS_10188: "Кудашевка"
 VICTORY_POINTS_15868: "Затишное"
 VICTORY_POINTS_12639: "Адамовка"
 #Кривой рог
 VICTORY_POINTS_3402: "Кривой Рог"
 VICTORY_POINTS_3704: "Терновский район"
 VICTORY_POINTS_9553: "Покровский район"
 VICTORY_POINTS_2142: "Центрально-Городской район"
 VICTORY_POINTS_18532: "Ингулецкий район"
 VICTORY_POINTS_3402: "Дзержинский район"
 VICTORY_POINTS_4882: "Апостолово"
 VICTORY_POINTS_9693: "Марьянское"
 VICTORY_POINTS_6499: "Заградовка"
 VICTORY_POINTS_18531: "Широкое"
 VICTORY_POINTS_10481: "Радушное"
 VICTORY_POINTS_15896: "Софиевка"
 VICTORY_POINTS_15862: "Девладово"
 #Никополь
 VICTORY_POINTS_18411: "Покров"
 VICTORY_POINTS_18412: "Шолохово"
 VICTORY_POINTS_18415: "Марганец"
 VICTORY_POINTS_18414: "Красногригорьевка"
 VICTORY_POINTS_8431: "Каменка"
 VICTORY_POINTS_319: "Мировое"
 VICTORY_POINTS_12837: "Томаковка"
 VICTORY_POINTS_9429: "Кисличеватая"
 VICTORY_POINTS_16096: "Высшетарасовка"
 VICTORY_POINTS_9607: "Приднепровское"
 #Правый берег Запорожья
 VICTORY_POINTS_11603: "Беленькое"
 VICTORY_POINTS_15926: "Владимировское"
 VICTORY_POINTS_18420: "Владимировское"
 VICTORY_POINTS_18419: "Днепровский район"
 VICTORY_POINTS_18418: "Хортица"
 VICTORY_POINTS_18417: "Хортицкий район"
 VICTORY_POINTS_6592: "Днепровский район"
 #Хортица
 VICTORY_POINTS_17195: "Хортица"
 #Днепр
 VICTORY_POINTS_18573: "Днепр"
 VICTORY_POINTS_18753_Dnepropetrovsk: "Днепропетровск"
 VICTORY_POINTS_4744: "Новоалександровка"
 VICTORY_POINTS_8300: "Николаевка"
 VICTORY_POINTS_1285: "Соборный район"
 VICTORY_POINTS_4493: "Юг Шевченковского района"
 VICTORY_POINTS_18751: "Север Шевченковского района"
 VICTORY_POINTS_11683: "Чечеловский район"
 VICTORY_POINTS_11683_Krasnogvardeisky: "Красногвардейский район"
 VICTORY_POINTS_18762: "Запад Новокодакского района"
 VICTORY_POINTS_18762_Leninsky: "Запад Ленинского района"
 VICTORY_POINTS_18752: "Улица Киевская"
 VICTORY_POINTS_18763: "Восток Новокодакского района"
 VICTORY_POINTS_18763_Leninsky: "Восток Ленинского района"
 #Левый берег Днепра
 VICTORY_POINTS_107: "Север Самарского района"
 VICTORY_POINTS_18765: "Индустриальный район"
 VICTORY_POINTS_18756: "Солнечный"
 VICTORY_POINTS_18757: "Восток Амур-Нижнеднепровского района"
 VICTORY_POINTS_18764: "Запад Амур-Нижнеднепровского района"
 VICTORY_POINTS_3683: "Куриловка"
 VICTORY_POINTS_1524: "Петриковка"
 VICTORY_POINTS_12854: "Царичанка"
 #Самарский Район
 VICTORY_POINTS_18761: "Юго-восток Самарского района"
 VICTORY_POINTS_18754: "Юго-запад Самарского района"
 #Юго-западная Украина
 #Гайсин
 #Тульчин
 VICTORY_POINTS_12901: "Крыжополь"
 VICTORY_POINTS_2336: "Винница"
 VICTORY_POINTS_547: "Хмельницкий"
 VICTORY_POINTS_6762: "Черновцы"
 VICTORY_POINTS_4701: "Ужгород"
 VICTORY_POINTS_3890: "Ивано-Франковск"
 VICTORY_POINTS_11555: "Львов"
 VICTORY_POINTS_12453: "Тернополь"
 VICTORY_POINTS_2900: "Луцк"
 VICTORY_POINTS_12511: "Ровно"

 #Винница
 #Хмельник
 #Хмельницкий
 #Жмеринка
 #Могилев-подольский
 #Каменец-подольский
 #Кельменцы
 #Чортков
 #Черновцы
 #Коломыя
 #Карпаты
 #Надворная
 #Косов
 #Выжница
 #Верховина
 #Рахов
 #Тячев
 #Хуст
 #Мукачево
 #Ужгород
 #Берегово
 #Западная Украина
 #Ивано-Франковск
 #Калуш
 #Стрый
 #Самбор
 #Дрогобыч
 #Львов
 #Яворов
 #Золочев
 #Тернополь
 #Кременец
 #Дубно
 #Червоноград
 #Владимир
 #Ковель
 #Камень-Каширский
 #Вараш
 #Луцк
 #Северо-западная Украина
 #Шепатовка
 #Ровно
 #Сарны
 #Бердичев
 #Звягель
 #Коростень
 VICTORY_POINTS_14699: "Олевск"
 VICTORY_POINTS_7976: "Коростень"
 VICTORY_POINTS_12425: "Овруч"
 VICTORY_POINTS_8601: "Народичи"
 VICTORY_POINTS_10868: "Выступовичи"
 VICTORY_POINTS_8578: "Лугины"
 VICTORY_POINTS_6485: "Новые Белокровичи"
 VICTORY_POINTS_1733: "Новые Веледники"
 VICTORY_POINTS_9093: "Иршанск"
 VICTORY_POINTS_3143: "Чоповичи"
 VICTORY_POINTS_4298: "Малин"
 VICTORY_POINTS_8735: "Гранитное"
 #Житомир
 VICTORY_POINTS_2522: "Королевский район"
 VICTORY_POINTS_15080: "Коростышев"
 VICTORY_POINTS_9132: "Hовая Боровая"
 VICTORY_POINTS_8595: "Хорошев"
 VICTORY_POINTS_3757: "Пулины"
 VICTORY_POINTS_918: "Черняхов"
 VICTORY_POINTS_6825: "Городок"
 VICTORY_POINTS_9467: "Радомышль"
 VICTORY_POINTS_1526: "Брусилов"
 VICTORY_POINTS_1230: "Корнин"
 VICTORY_POINTS_14: "Пепельня"
 VICTORY_POINTS_332: "Андрушки"
 VICTORY_POINTS_8638: "Новогуйвинское"
 VICTORY_POINTS_8444: "Чуднов"
 VICTORY_POINTS_15158: "Романов"
 VICTORY_POINTS_1978: "Мирополь"
 VICTORY_POINTS_1979: "Любар"
 VICTORY_POINTS_4974: "Житомир"
 #Беларусь
 VICTORY_POINTS_18224: "Центральный район"
 VICTORY_POINTS_18223: "Советский район"
 VICTORY_POINTS_18220: "Первомайский район"
 VICTORY_POINTS_18221: "Партизанский район"
 VICTORY_POINTS_18222: "Заводской район"
 VICTORY_POINTS_18228: "Ленинский район"
 VICTORY_POINTS_18227: "Октябрьский район"
 VICTORY_POINTS_18226: "Московский район"
 VICTORY_POINTS_18225: "Фрунзенский район"
 VICTORY_POINTS_11649: "Минск"
 VICTORY_POINTS_11764: "Могилёв"
 VICTORY_POINTS_11108: "Гомель"
 VICTORY_POINTS_2794: "Мозырь"
 #Гродно
 VICTORY_POINTS_6714: "Гродно"
 VICTORY_POINTS_11701: "Сувид"
 VICTORY_POINTS_6194: "Порозово"
 VICTORY_POINTS_8100: "Волковыск"
 VICTORY_POINTS_13792: "Мосты"
 VICTORY_POINTS_5011: "Острына"
 VICTORY_POINTS_8006: "Лида"
 VICTORY_POINTS_1087: "Новогрудок"
 VICTORY_POINTS_226: "Сморгонь"
 VICTORY_POINTS_2258: "Ошмяны"
 VICTORY_POINTS_4598: "Островец"
 #Витебск
 VICTORY_POINTS_6195: "Витебск"
 VICTORY_POINTS_13095: "Полоцк"
 VICTORY_POINTS_7560: "Новополоцк"
 VICTORY_POINTS_13456: "Орша"
 #Брест
 VICTORY_POINTS_5245: "Высокое"
 VICTORY_POINTS_8098: "Каменец"
 VICTORY_POINTS_7734: "Малорита"
 VICTORY_POINTS_2909: "Дрогичин" 
 VICTORY_POINTS_11817: "Иваново"
 VICTORY_POINTS_3510: "Пинск"
 VICTORY_POINTS_3987: "Белоозерск"
 VICTORY_POINTS_11048: "Кобрин"
 VICTORY_POINTS_9412: "Жабинка"
 VICTORY_POINTS_2780: "Столин"
 VICTORY_POINTS_1066: "Лунинец"
 VICTORY_POINTS_8227: "Микашевичи"
 VICTORY_POINTS_6408: "Давид-Городок"
 VICTORY_POINTS_1721: "Ганцевичи"
 VICTORY_POINTS_997: "Барановичи"
 VICTORY_POINTS_14208: "Береза"
 VICTORY_POINTS_3563: "Ивацевичи"
 VICTORY_POINTS_11663: "Пружаны"
 #Приднестровье
 VICTORY_POINTS_8926: "Каменка"
 VICTORY_POINTS_1929: "Слобода-Рашков"
 VICTORY_POINTS_7381: "Васильевка"
 VICTORY_POINTS_16026: "Колбасна"
 VICTORY_POINTS_4854: "Мокра"
 VICTORY_POINTS_8025: "Рыбница"
 VICTORY_POINTS_405: "Жура"
 VICTORY_POINTS_7048: "Дубоссары"
 VICTORY_POINTS_16181: "Новая Кошница"
 VICTORY_POINTS_12111: "Караманово"
 VICTORY_POINTS_6794: "Григориополь"
 VICTORY_POINTS_12421: "Малаешты"
 VICTORY_POINTS_11020: "Тирасполь"
 VICTORY_POINTS_1220: "Бендеры"
 VICTORY_POINTS_12195: "Суклея"
 VICTORY_POINTS_9934: "Ближний Хутор"
 VICTORY_POINTS_2863: "Слободзея"
 VICTORY_POINTS_16380: "Днестровск"
 #Молдова
 #Единец
 VICTORY_POINTS_2720: "Единцы"
 VICTORY_POINTS_15786: "Ларга"
 VICTORY_POINTS_8182: "Бричаны"
 VICTORY_POINTS_5177: "Липканы"
 VICTORY_POINTS_11877: "Перерыта"
 VICTORY_POINTS_15854: "Коржеуць"
 VICTORY_POINTS_11842: "Купчинь"
 VICTORY_POINTS_15818: "Корестуоцы"
 VICTORY_POINTS_10433: "Окница"
 VICTORY_POINTS_15771: "Отачь"
 VICTORY_POINTS_4546: "Чернолёвка"
 VICTORY_POINTS_672: "Требисоуцы"
 #Орхей
 VICTORY_POINTS_521: "Орхей"
 VICTORY_POINTS_6547: "Шолданешты"
 VICTORY_POINTS_8239: "Резина"
 VICTORY_POINTS_15999: "Флорешты"
 #Вулканешты
 VICTORY_POINTS_11480: "Вулканешты"
 #Хынчешты
 VICTORY_POINTS_3635: "Хынчешты"
 VICTORY_POINTS_6010: "Леушены"
 VICTORY_POINTS_9884: "Чимишлия"
 VICTORY_POINTS_10010: "Бессарабка"
 #Сороки
 VICTORY_POINTS_11965: "Сороки"
 VICTORY_POINTS_6334: "Маркулешты"
 #Унгень
 VICTORY_POINTS_16198: "Унгень"
 #Кагул
 VICTORY_POINTS_16617: "Кагул"
 VICTORY_POINTS_1903: "Кантемир"
 VICTORY_POINTS_12147: "Леова"
 VICTORY_POINTS_16729: "Джурджулешты"
 VICTORY_POINTS_2854: "Тараклия"
 #Каушаны
 VICTORY_POINTS_5109: "Каушаны"
 VICTORY_POINTS_2658: "Паланка"
 VICTORY_POINTS_6157: "Штефан-Водэ"
 #Комрат
 VICTORY_POINTS_11208: "Конгаз"
 VICTORY_POINTS_7873: "Чадыр-Лунга"
 #Муниципий Кишинёв
 VICTORY_POINTS_516: "Криково"
 VICTORY_POINTS_4555: "Криуляны"
 VICTORY_POINTS_16295: "Новые-Анены"
 VICTORY_POINTS_4386: "Бульбоака"
 VICTORY_POINTS_8836: "Страшены"
 VICTORY_POINTS_1802: "Яловены"
 #Кишинёв
 VICTORY_POINTS_11013: "Сектор Буюканы"
 VICTORY_POINTS_9969: "Сектор Ботаника"
 #Россия
 #Москва
 VICTORY_POINTS_18176: "Район Сокольники"
 VICTORY_POINTS_18196: "Район Лефортово"
 VICTORY_POINTS_691: "Таганский Район"
 VICTORY_POINTS_18175: "Район Измайлово"
 VICTORY_POINTS_18174: "Район Новокосино"
 VICTORY_POINTS_4049: "Район Марфино"
 VICTORY_POINTS_4319: "Район Дорогомилово"
 VICTORY_POINTS_18169: "Даниловский район"
 VICTORY_POINTS_18177: "Район Свиблово"
 VICTORY_POINTS_18178: "Район Отрадное"
 VICTORY_POINTS_18179: "Район Ховрино"
 VICTORY_POINTS_18180: "Район Покровское-Стрешнево"
 VICTORY_POINTS_18181: "Район Аэропорт"
 VICTORY_POINTS_18182: "Район Хорошёво-Мнёвки"
 VICTORY_POINTS_18183: "Район Крылатское"
 VICTORY_POINTS_18190: "Район Хамовники"
 VICTORY_POINTS_18191: "Район Замоскворечье"
 VICTORY_POINTS_18197: "Басманный район"
 VICTORY_POINTS_18199: "Пресненский район"
 VICTORY_POINTS_18200: "Район Марьина-Роща"
 VICTORY_POINTS_18201: "Мещанский район"
 VICTORY_POINTS_18202: "Алексеевский район"
 VICTORY_POINTS_18203: "Район Ростокино"
 VICTORY_POINTS_18193: "Район Печатники"
 VICTORY_POINTS_18188: "Район Нагатинский Затон"
 VICTORY_POINTS_18194: "Район Люблино"
 VICTORY_POINTS_18195: "Рязанский Район"
 VICTORY_POINTS_18173: "Район Некрасовка"
 VICTORY_POINTS_18172: "Район Выхино-Жулебино"
 VICTORY_POINTS_18171: "Район Капотня"
 VICTORY_POINTS_18170: "Район Братеево"
 VICTORY_POINTS_13027: "Район Бирюлёво"
 VICTORY_POINTS_18168: "Район Царицыно"
 VICTORY_POINTS_13023: "Район Бутово"
 VICTORY_POINTS_18184: "Район Раменки"
 VICTORY_POINTS_18185: "Район Тропарёво"
 VICTORY_POINTS_18186: "Район Ясенево"
 VICTORY_POINTS_18187: "Район Черёмушки"
 VICTORY_POINTS_18189: "Академический район"
 VICTORY_POINTS_9170: "Балашиха"
 #Белгород
 VICTORY_POINTS_18321: "Новая Таволжанка"
 VICTORY_POINTS_18322: "Север Шебекино"
 VICTORY_POINTS_15025: "Шебекино"
 VICTORY_POINTS_18323: "Таврово"
 VICTORY_POINTS_18324: "Дубовое"
 VICTORY_POINTS_18325: "Белгород"
 VICTORY_POINTS_18326: "Новосадовый"
 VICTORY_POINTS_11578: "Лесопарк"
 VICTORY_POINTS_9358: "Лесопарк"
 VICTORY_POINTS_3200: "Северный"
 VICTORY_POINTS_18318: "Майский"
 VICTORY_POINTS_18328: "Борисовка"
 VICTORY_POINTS_18327: "Томаровка"
 VICTORY_POINTS_18329: "Короча"
 VICTORY_POINTS_8655: "Северо-восточный район"
 VICTORY_POINTS_18319: "Воротниково"
 VICTORY_POINTS_18331: "Старый Оскол"
 VICTORY_POINTS_4450: "Юго-западный район"
 VICTORY_POINTS_18320: "Губкин"
 VICTORY_POINTS_18330: "Юг Губкина"
 VICTORY_POINTS_18336: "Никольское"
 VICTORY_POINTS_18337: "Разумное"
 VICTORY_POINTS_18338: "Маслова Пристань"
 VICTORY_POINTS_18339: "Строитель"
 VICTORY_POINTS_18341: "Прохоровка"
 VICTORY_POINTS_18342: "Волоконовка"
 VICTORY_POINTS_18343: "Рождествено"
 VICTORY_POINTS_18344: "Пятницкое"
 VICTORY_POINTS_18345: "Староивановка"
 VICTORY_POINTS_18346: "Новый Оскол"
 VICTORY_POINTS_18347: "Архангельское"
 VICTORY_POINTS_18348: "Валуйки"
 VICTORY_POINTS_18349: "Уразово"
 VICTORY_POINTS_18694: "Ступочки"
 VICTORY_POINTS_18350: "Грайворон"
 VICTORY_POINTS_12900: "Глотово"
 VICTORY_POINTS_15870: "Запад Грайворона"
 VICTORY_POINTS_9040: "Гора-Подол"
 VICTORY_POINTS_18351: "Козинка"
 VICTORY_POINTS_4506: "Ржевка"
 VICTORY_POINTS_15011: "Октябрьский"
 VICTORY_POINTS_10775: "Северный"
 VICTORY_POINTS_14345: "Международный Аэропорт Белгород"
 VICTORY_POINTS_13683: "Солохи"
 VICTORY_POINTS_3600: "Стрелецкое"
 VICTORY_POINTS_13555: "Западный округ"
 VICTORY_POINTS_6665: "Старый город"
 VICTORY_POINTS_11343: "Левобережье"
 VICTORY_POINTS_14614: "Комсомольский"
 VICTORY_POINTS_8460: "Беловское"
 #Ростов
 VICTORY_POINTS_12879: "Таганрог"
 VICTORY_POINTS_10964: "Максимов"
 VICTORY_POINTS_7817: "Натальевка"
 VICTORY_POINTS_12554: "Петрушино"
 VICTORY_POINTS_8579: "Южный район"
 VICTORY_POINTS_15940: "Центральный район"
 VICTORY_POINTS_3998: "Западный район"
 VICTORY_POINTS_5235: "Авиабаза Таганрог"
 VICTORY_POINTS_3328: "Дарагановка"
 VICTORY_POINTS_1493: "Восточный район"
 VICTORY_POINTS_2268: "Северный район"
 VICTORY_POINTS_9904: "Ореховый"
 VICTORY_POINTS_12035: "Николаевка"
 VICTORY_POINTS_16015: "Вареновка"
 VICTORY_POINTS_15944: "Новобессергеневка"
 VICTORY_POINTS_8848: "Красный Десант"
 VICTORY_POINTS_16230: "Лакедемоновка"
 VICTORY_POINTS_16040: "Шахты"
 VICTORY_POINTS_4992: "Красный Сулин"
 VICTORY_POINTS_16130: "Волгодонск"
 VICTORY_POINTS_7895_Wagner: "Военный полигон подразделения «Вагнер»"
 VICTORY_POINTS_1868: "Новочеркасск"
 VICTORY_POINTS_16031: "Новошахтинск"
 VICTORY_POINTS_15782: "Каменск-Шахтинский"
 VICTORY_POINTS_13379: "Калининград"
 VICTORY_POINTS_5644: "Ленинградский район"
 VICTORY_POINTS_11029: "Московский район"
 VICTORY_POINTS_9084: "Балтийск"
 VICTORY_POINTS_2390: "Светлый"
 VICTORY_POINTS_10862: "Советск"
 VICTORY_POINTS_13423: "Черняховск"
 VICTORY_POINTS_7105: "Гусев"
 VICTORY_POINTS_10797: "Гурьевск"
 VICTORY_POINTS_12632: "Зеленоградск"
 VICTORY_POINTS_12419: "Светлогорск"
 VICTORY_POINTS_12391: "Краснознаменск"
 VICTORY_POINTS_7333: "Матвеев Курган"
 VICTORY_POINTS_18865: "Покровское"
 VICTORY_POINTS_18897: "Ростов-на-Дону"
 VICTORY_POINTS_18874: "Батайск"
 VICTORY_POINTS_18917: "Азов"
 VICTORY_POINTS_4664: "Городище"
 VICTORY_POINTS_884: "Койсугский"
 VICTORY_POINTS_18909: "Чалтырь"
 VICTORY_POINTS_18862: "Остров Зелёный"
 VICTORY_POINTS_18892: "Ворошиловский район"
 VICTORY_POINTS_18885: "Советский район"
 VICTORY_POINTS_9092: "Кулешовка"
 VICTORY_POINTS_18873: "Овощной"
 VICTORY_POINTS_18921: "Качальник"
 VICTORY_POINTS_18926: "Пешково"
 VICTORY_POINTS_18907: "Аскай"
 VICTORY_POINTS_18905: "Янтарный"
 VICTORY_POINTS_18896: "Ленинаван"
 VICTORY_POINTS_18902: "Ленинакан"
 VICTORY_POINTS_3948: "Танаис"
 VICTORY_POINTS_3324: "Зерноград"
 VICTORY_POINTS_8775: "Егорлыкская"
 VICTORY_POINTS_4536: "Сальск"
 VICTORY_POINTS_3676: "Пролетарск"
 VICTORY_POINTS_16252: "Веселый"
 VICTORY_POINTS_773: "Семикараковка"
 VICTORY_POINTS_7224: "Дубовское"
 VICTORY_POINTS_16186: "Мержаново"
 VICTORY_POINTS_12177: "Синявское"
 VICTORY_POINTS_18866: "Самбек"
 VICTORY_POINTS_11342: "Троицкое"
 VICTORY_POINTS_10918: "Золотарево"
 VICTORY_POINTS_16168: "Носово"
 VICTORY_POINTS_18863: "Николаево- Отрадное"
 VICTORY_POINTS_16197: "Васильево- Ханжоновка"
 VICTORY_POINTS_18864: "Ефремовка"
 VICTORY_POINTS_16159: "Фёдоровка"
 VICTORY_POINTS_16004: "Куйбышево"
 #Брянск
 VICTORY_POINTS_11897: "Брянск"
 VICTORY_POINTS_12218: "Климово"
 VICTORY_POINTS_6146: "Семиричи"
 VICTORY_POINTS_11859: "Дятьково"
 VICTORY_POINTS_7684: "Карачев"
 VICTORY_POINTS_12228: "Почеп"
 VICTORY_POINTS_14185: "Трубчевск"
 VICTORY_POINTS_12580: "Унеча"
 VICTORY_POINTS_9954: "Стародуб"
 VICTORY_POINTS_11404: "Новозыбков"
 VICTORY_POINTS_196: "Клинцы"
 VICTORY_POINTS_12550: "Сураж"
 VICTORY_POINTS_920: "Бежицкий район"
 VICTORY_POINTS_8177: "Жуковка"
 VICTORY_POINTS_5864: "Севск"
 VICTORY_POINTS_9210: "Комаричи"
 VICTORY_POINTS_9891: "Локоть"
 VICTORY_POINTS_14120: "Навля"
 VICTORY_POINTS_7286: "Суземка"
 #Курск
 VICTORY_POINTS_7636: "Курск"
 VICTORY_POINTS_964: "Курчатов"
 VICTORY_POINTS_5523: "Рыльск"
 VICTORY_POINTS_11045: "Троебортное"
 VICTORY_POINTS_7589: "Железногорск"
 VICTORY_POINTS_9150: "Щигры"
 VICTORY_POINTS_14456: "Кшенский"
 VICTORY_POINTS_4292: "Обоянь"
 VICTORY_POINTS_7756: "Любимовка"
 VICTORY_POINTS_6935: "Кривец"
 VICTORY_POINTS_7114: "Фатеж"
 VICTORY_POINTS_14360: "Золотоухино"
 VICTORY_POINTS_1343: "Свобода"
 VICTORY_POINTS_5694: "Касторное"
 VICTORY_POINTS_12129: "Горшечное"
 VICTORY_POINTS_11724: "Солнцево"
 VICTORY_POINTS_5586: "Глушковка"
 VICTORY_POINTS_7713: "Марково"
 VICTORY_POINTS_11407: "Хомутовка"
 VICTORY_POINTS_14407: "Дмитриев-Льговский"
 #Краснодар
 VICTORY_POINTS_12161: "Краснодар"
 VICTORY_POINTS_4019: "Анапа"
 VICTORY_POINTS_6587: "Новороссийск"
 VICTORY_POINTS_17149: "Сочи"
 VICTORY_POINTS_12919: "Тамань"
 VICTORY_POINTS_1159: "Веселовка"
 VICTORY_POINTS_12801: "Ильич"
 VICTORY_POINTS_2935: "Геленджик"
 VICTORY_POINTS_2645: "Ейск"
 VICTORY_POINTS_8169: "Джубгское"
 VICTORY_POINTS_10253: "Горячий Ключ"
 VICTORY_POINTS_3431: "Лабинск"
 VICTORY_POINTS_11976: "Армавир"
 VICTORY_POINTS_16902: "Крымск"
 VICTORY_POINTS_1029: "Нефтекачка"
 VICTORY_POINTS_7969: "Усть-Лабинск"
 VICTORY_POINTS_4630: "Кропоткин"
 VICTORY_POINTS_4121: "Тихорецк"
 VICTORY_POINTS_16749: "Кореновск"
 VICTORY_POINTS_7146: "Тимашевск"
 VICTORY_POINTS_16823: "Темрюк"
 VICTORY_POINTS_766: "Славянск-на-Кубани"
 VICTORY_POINTS_5609: "Кущевская"
 VICTORY_POINTS_10281: "Староминская"
 VICTORY_POINTS_18932: "Старощербиновка"
 #Города России
 VICTORY_POINTS_8028: "Орел"
 VICTORY_POINTS_7982: "Тула"
 VICTORY_POINTS_13454: "Калуга"
 VICTORY_POINTS_6359: "Липецк"
 VICTORY_POINTS_4652: "Елец"
 VICTORY_POINTS_6871: "Волгоград"
 VICTORY_POINTS_8526: "Ставрополь"
 VICTORY_POINTS_12907: "Саратов"
 VICTORY_POINTS_9729: "Ульяновск"
 VICTORY_POINTS_13421: "Рязань"
 VICTORY_POINTS_1883: "Смоленск"
 VICTORY_POINTS_3040: "Молькино"
 VICTORY_POINTS_3010: "Нововоронеж"
 VICTORY_POINTS_10388: "Тольятти"
 VICTORY_POINTS_17067: "Пятигорск"
 VICTORY_POINTS_17120: "Моздок"
 VICTORY_POINTS_2075: "Кизляр"
 VICTORY_POINTS_17162: "Грозный"
 VICTORY_POINTS_2011: "Зимовник"
 VICTORY_POINTS_1393: "Анастасиевка"
 VICTORY_POINTS_15578: "Миллерово"
 VICTORY_POINTS_4501: "Кантемировка"
 VICTORY_POINTS_8243: "Астрахань"
 VICTORY_POINTS_16977: "Майкоп"
 VICTORY_POINTS_3684: "Невинномысск"
 VICTORY_POINTS_11143: "Георгиевск"
 VICTORY_POINTS_16937: "Буденновск"
 VICTORY_POINTS_9217: "Урожайное"
 VICTORY_POINTS_7242: "Элиста"
 VICTORY_POINTS_8066: "Морозовск"
 VICTORY_POINTS_10461: "Суровикино"
 VICTORY_POINTS_11654: "Балаково"
 VICTORY_POINTS_4423: "Богучар"
 #ДНР
 #Донецк
 VICTORY_POINTS_18151: "Киевский район"
 VICTORY_POINTS_18739: "Петровский район"
 VICTORY_POINTS_18813: "Кировский район"
 VICTORY_POINTS_18149: "Куйбышевский район"
 VICTORY_POINTS_18153: "Калининский район"
 VICTORY_POINTS_18150: "Ленинский район"
 VICTORY_POINTS_18154: "Буденновский район"
 VICTORY_POINTS_2262: "Червоногвардейский район"
 VICTORY_POINTS_18155: "Маяк"
 VICTORY_POINTS_18157: "Горняцкий район"
 VICTORY_POINTS_12552: "Макеевка"
 VICTORY_POINTS_18158: "Центрально-Городской район"
 VICTORY_POINTS_18159: "Советский район"
 VICTORY_POINTS_18148: "Весёлое"
 VICTORY_POINTS_6147: "Металлист"
 VICTORY_POINTS_12644: "Белояровка"
 VICTORY_POINTS_18675: "Лозовая"
 VICTORY_POINTS_1934: "Успенка"
 VICTORY_POINTS_12420: "Васильевка"
 VICTORY_POINTS_18743: "Амвросиевка"
 VICTORY_POINTS_18509: "Ясиноватая"
 VICTORY_POINTS_18508: "Минеральное"
 VICTORY_POINTS_4271: "Гусельское"
 VICTORY_POINTS_18583: "Иловайск"
 VICTORY_POINTS_18584: "Зугрэс"
 VICTORY_POINTS_18510: "Бетманово"
 VICTORY_POINTS_18590: "Зуевка"
 VICTORY_POINTS_15976: "Грузско-Ломовка"
 VICTORY_POINTS_5715: "Пролетарский район"
 VICTORY_POINTS_18156: "Харцызск"
 VICTORY_POINTS_7950: "Угольщик"
 VICTORY_POINTS_9737: "Придорожное"
 VICTORY_POINTS_18574: "Моспино"
 VICTORY_POINTS_18506: "Донецкий Аэропорт"
 VICTORY_POINTS_9748: "Старомихайловка"
 #Кальмиусское
 VICTORY_POINTS_18473: "Докучаевск" 
 VICTORY_POINTS_7451: "Крещатинское" 
 VICTORY_POINTS_2264: "Самойлово" 
 VICTORY_POINTS_8544: "Кумачово" 
 VICTORY_POINTS_7594: "Кузнецово-Михайловка" 
 VICTORY_POINTS_18138: "Кальмиусское"
 VICTORY_POINTS_5133: "Коммунаровка"
 VICTORY_POINTS_16038: "Новобешево"
 VICTORY_POINTS_16070: "Новогнатовка"
 VICTORY_POINTS_18544: "Новый Свет"
 VICTORY_POINTS_18535: "Старобешево"
 VICTORY_POINTS_18737: "Петровское"
 VICTORY_POINTS_18738: "Петровское"
 VICTORY_POINTS_9265: "Еленовка"
 VICTORY_POINTS_12403: "Раздольное"
 VICTORY_POINTS_5454: "Бойковское"
 VICTORY_POINTS_9521: "Осыково"
 VICTORY_POINTS_10091: "Новоазовск"
 VICTORY_POINTS_8487: "Безыменное"
 #Горловка
 VICTORY_POINTS_8016: "Андреевка"
 VICTORY_POINTS_11686: "Великая Шишовка"
 VICTORY_POINTS_15964: "Мануйловка"
 VICTORY_POINTS_18648: "Торез"
 VICTORY_POINTS_18623: "Кировское"
 VICTORY_POINTS_18621: "Ждановка"
 VICTORY_POINTS_18592: "Нижняя Крынка"
 VICTORY_POINTS_15897: "Стожковское"
 VICTORY_POINTS_18630: "Шахтерск"
 VICTORY_POINTS_18674: "Снежное"
 VICTORY_POINTS_18651: "Северное"
 VICTORY_POINTS_810: "Рассыпное"
 VICTORY_POINTS_18631: "Пелагеевка"
 VICTORY_POINTS_4969: "Корсунь"
 VICTORY_POINTS_15831: "Енакиево"
 VICTORY_POINTS_4910: "Пантелеймоновка"
 VICTORY_POINTS_5074: "Юг Калининского района"
 VICTORY_POINTS_8781: "Север Калининского района"
 VICTORY_POINTS_16366: "Никитовский район"
 VICTORY_POINTS_193: "Зайцево"
 VICTORY_POINTS_4975: "Дебальцево"
 VICTORY_POINTS_12176: "Новоорловка"
 VICTORY_POINTS_18741: "Ольховатка"
 VICTORY_POINTS_2601: "Дмитровка"
 VICTORY_POINTS_5403: "Чугунно-Крепинка"
 VICTORY_POINTS_18512: "КПВВ Майорск"
 #ЛНР
 #Луганск
 VICTORY_POINTS_7162: "Жовтневский район"
 VICTORY_POINTS_3641: "Ленинский район"
 VICTORY_POINTS_18718: "Артёмовский район"
 VICTORY_POINTS_18729: "Каменнобродский район"
 VICTORY_POINTS_18736: "Новосветловка"
 VICTORY_POINTS_10971: "Молодогвардейск"
 VICTORY_POINTS_18735: "Лутугино"
 VICTORY_POINTS_3819: "Луганский аэропорт"
 #Стаханов
 VICTORY_POINTS_524: "Стаханов"
 VICTORY_POINTS_18722: "Брянка"
 VICTORY_POINTS_18723: "Алмазная"
 VICTORY_POINTS_18724: "Первомайск"
 VICTORY_POINTS_18686: "Кировск"
 VICTORY_POINTS_18685: "Золотое"
 #Алчевск
 VICTORY_POINTS_11533: "Алчевск"
 VICTORY_POINTS_1630: "Михайловка"
 VICTORY_POINTS_3456: "Чернухино"
 VICTORY_POINTS_15734: "Комиссаровка"
 VICTORY_POINTS_15647: "Славяносербск"
 VICTORY_POINTS_5031: "Зимогорье"
 #Краснодон
 VICTORY_POINTS_18732: "Краснодон"
 VICTORY_POINTS_18733: "Власовка"
 VICTORY_POINTS_15770: "Суходольск"
 VICTORY_POINTS_10616: "Бирюково"
 VICTORY_POINTS_18730: "Свердловск"
 VICTORY_POINTS_18731: "Вознесеновка"
 VICTORY_POINTS_18716: "Ровеньки"
 VICTORY_POINTS_15865: "Комсомольский"
 VICTORY_POINTS_434: "Провалье"
 VICTORY_POINTS_10617: "Бирюково"
 VICTORY_POINTS_4030: "Калининский"
 #Антрацит
 VICTORY_POINTS_18728: "Крепенский"
 VICTORY_POINTS_342: "Есауловка"
 VICTORY_POINTS_18727: "Антрацит"
 VICTORY_POINTS_18726: "Ивановка"
 VICTORY_POINTS_7178: "Ясеновский"
 VICTORY_POINTS_18725: "Красный Луч"
 VICTORY_POINTS_10453: "Вахрушево"
 VICTORY_POINTS_1015: "Петровское"
 #Румыния
 VICTORY_POINTS_11936: "Яссы"
 VICTORY_POINTS_12278: "Констанца"
 VICTORY_POINTS_10857: "Мангалия"
 VICTORY_POINTS_9523: "Меджидия"
 VICTORY_POINTS_12470: "Тулча"
 VICTORY_POINTS_16925: "Сфынту Георге"
 VICTORY_POINTS_10069: "Исакча"
 VICTORY_POINTS_10151: "Сулина"
 VICTORY_POINTS_6105: "Кришан"
 VICTORY_POINTS_2844: "Муригхиол"
 VICTORY_POINTS_8372: "Нэводари"
 VICTORY_POINTS_16792: "Браила"
 VICTORY_POINTS_6273: "Варсатура"
 VICTORY_POINTS_16850: "Янка"
 VICTORY_POINTS_17016: "Чернаводэ"
 VICTORY_POINTS_10424: "Фетешти"
 VICTORY_POINTS_1048: "Слобозия"
 VICTORY_POINTS_5256: "Кэлэраши"
 VICTORY_POINTS_3106: "Олтеница"
 VICTORY_POINTS_3051: "Джурджу"
 VICTORY_POINTS_10092: "Александрия"
 VICTORY_POINTS_17026: "Рошиорий-Де-Веде"
 VICTORY_POINTS_2528: "Турну-Мэгуреле"
 VICTORY_POINTS_17115: "Корабия"
 VICTORY_POINTS_7833: "Каракал"
 VICTORY_POINTS_909: "Балш"
 VICTORY_POINTS_9331: "Крайова"
 VICTORY_POINTS_2360: "Бэйлешти"
 VICTORY_POINTS_12816: "Калафат"
 VICTORY_POINTS_6049: "Хуши"
 VICTORY_POINTS_7558: "Галац"
 VICTORY_POINTS_16992: "Слатина"
 #Болгария
 VICTORY_POINTS_7036: "Варна"
 #БРЯНСК
 #ПЗ с Черниговым
 VICTORY_POINTS_2410: "Кистёр"
 VICTORY_POINTS_11041: "Сушаны"
 VICTORY_POINTS_1940: "Любечане"
 #Mod
 VICTORY_POINTS_18473: "Докучаевск"
 VICTORY_POINTS_8591: "Николаев"
 VICTORY_POINTS_18492: "Широкино"
 VICTORY_POINTS_18502: "Никольское"
 VICTORY_POINTS_7724: "Кривой Рог"
 VICTORY_POINTS_2443: "Бехтеры"
 VICTORY_POINTS_7419: "Каменец-Подольский"
 #Херсон
 VICTORY_POINTS_9106: "Казанка"
 VICTORY_POINTS_10153: "Жигулёвск"
 VICTORY_POINTS_5786: "Белая Берёзка"
 VICTORY_POINTS_525: "Тёткино"
 VICTORY_POINTS_4139: "Суджа"
 VICTORY_POINTS_1280: "Миллерово"
 VICTORY_POINTS_15909: "Гуково"
 VICTORY_POINTS_2034: "Донецк"
 VICTORY_POINTS_5773: "Митякинская"
 VICTORY_POINTS_7487: "Чертково"
 VICTORY_POINTS_7552: "Ровеньки"
 VICTORY_POINTS_10410: "Новая Гута"
 VICTORY_POINTS_4817: "Лоев"
 VICTORY_POINTS_1281: "Скородное"
 VICTORY_POINTS_4179: "Глушковичи"